trial,status,verification,rtt_ms,pi_processing_ms,request_payload_bytes,response_payload_bytes,request_tcp_application_bytes,response_tcp_application_bytes,error
1,ok,accepted,19.506384,15.107321,10030,5291,10038,5307,
2,ok,accepted,24.836394,16.226795,10030,5291,10038,5307,
3,ok,accepted,29.037475,20.657005,10030,5291,10038,5307,
4,ok,accepted,29.261535,19.65079,10030,5291,10038,5307,
5,ok,accepted,27.150475,18.689685,10030,5291,10038,5307,
6,ok,accepted,25.620096,18.426224,10030,5291,10038,5307,
7,ok,accepted,129.279475,19.226977,10030,5291,10038,5307,
8,ok,accepted,23.328749,14.893452,10030,5291,10038,5307,
9,ok,accepted,24.231321,15.897945,10030,5291,10038,5307,
10,ok,accepted,23.735562,15.730336,10030,5291,10038,5307,
11,ok,accepted,26.893135,15.369709,10030,5291,10038,5307,
12,ok,accepted,27.118864,18.435391,10030,5291,10038,5307,
13,ok,accepted,29.121733,23.995871,10030,5291,10038,5307,
14,ok,accepted,29.496087,15.034988,10030,5291,10038,5307,
15,ok,accepted,25.770164,17.549416,10030,5291,10038,5307,
16,ok,accepted,23.584435,15.689336,10030,5291,10038,5307,
17,ok,accepted,33.584326,15.313265,10030,5291,10038,5307,
18,ok,accepted,23.685679,14.814212,10030,5291,10038,5307,
19,ok,accepted,24.177309,14.72412,10030,5291,10038,5307,
20,ok,accepted,31.059843,19.938825,10030,5291,10038,5307,
21,ok,accepted,30.218847,15.655873,10030,5291,10038,5307,
22,ok,accepted,118.795707,15.104858,10030,5291,10038,5307,
23,ok,accepted,22.920047,15.029341,10030,5291,10038,5307,
24,ok,accepted,25.292836,15.409449,10030,5291,10038,5307,
25,ok,accepted,59.936664,15.09908,10030,5291,10038,5307,
26,ok,accepted,33.252778,14.655714,10030,5291,10038,5307,
27,ok,accepted,26.41473,15.48543,10030,5291,10038,5307,
28,ok,accepted,24.917005,16.422219,10030,5291,10038,5307,
29,ok,accepted,20.573717,14.767379,10030,5291,10038,5307,
30,ok,accepted,24.139535,15.574985,10030,5291,10038,5307,
