chip_1,chip_2,mutually_selected_positions,mutual_selected_HD_percent
1,2,884,50.9049773755656
1,3,882,47.9591836734694
1,4,882,58.0498866213152
1,5,880,48.5227272727273
1,10,884,46.8325791855204
1,11,884,51.8099547511312
1,12,885,55.3672316384181
1,14,879,49.7155858930603
1,17,887,57.1589627959414
1,18,882,52.8344671201814
1,19,882,50.3401360544218
1,20,886,54.5146726862302
1,23,884,50
1,28,886,43.5665914221219
1,29,883,42.6953567383919
1,30,883,44.8471121177803
1,33,882,49.7732426303855
1,34,884,47.5113122171946
1,35,879,45.2787258248009
1,42,880,44.4318181818182
1,45,882,45.4648526077098
1,46,882,51.1337868480726
1,47,883,49.60362400906
1,48,881,46.8785471055619
1,51,881,48.5811577752554
1,52,881,54.7105561861521
1,53,884,53.8461538461538
1,54,880,50.4545454545455
1,56,881,48.8081725312145
1,57,885,46.7796610169492
1,61,884,48.5294117647059
1,62,883,52.8878822197056
1,63,881,51.0783200908059
1,65,885,49.6045197740113
1,66,882,50.453514739229
1,67,887,54.9041713641488
1,68,880,44.2045454545455
1,72,883,39.6375990939977
1,73,885,49.0395480225989
1,75,882,48.0725623582766
1,79,878,46.3553530751708
1,81,882,43.5374149659864
1,82,885,47.7966101694915
1,83,879,50.7394766780432
1,88,880,50.7954545454545
1,90,881,48.1271282633371
1,91,881,45.8569807037457
1,92,885,53.7853107344633
1,94,883,49.1506228765572
1,96,882,53.4013605442177
1,97,881,51.5323496027242
1,98,880,51.4772727272727
1,99,880,55.1136363636364
2,3,882,45.3514739229025
2,4,882,51.5873015873016
2,5,883,50.8493771234428
2,10,883,49.0373725934315
2,11,889,47.3565804274466
2,12,883,53.7938844847112
2,14,881,52.6674233825199
2,17,882,47.2789115646259
2,18,881,46.0839954597049
2,19,884,58.8235294117647
2,20,879,53.0147895335609
2,23,883,50.7361268403171
2,28,883,50.9626274065685
2,29,884,48.5294117647059
2,30,886,53.4988713318284
2,33,885,52.9943502824859
2,34,880,54.3181818181818
2,35,884,51.5837104072398
2,42,879,49.1467576791809
2,45,885,51.9774011299435
2,46,883,51.5288788221971
2,47,881,53.3484676503973
2,48,883,48.2446206115515
2,51,880,46.5909090909091
2,52,877,47.2063854047891
2,53,883,44.2808607021518
2,54,882,53.5147392290249
2,56,883,49.60362400906
2,57,881,48.694665153235
2,61,884,53.2805429864253
2,62,883,53.2276330690827
2,63,883,54.5866364665912
2,65,884,47.1719457013575
2,66,882,56.3492063492063
2,67,884,45.9276018099548
2,68,885,51.7514124293785
2,72,885,50.5084745762712
2,73,882,51.7006802721088
2,75,882,47.9591836734694
2,79,880,42.5
2,81,884,50.3393665158371
2,82,883,51.0758776896942
2,83,881,51.0783200908059
2,88,880,48.9772727272727
2,90,883,53.7938844847112
2,91,882,56.5759637188209
2,92,883,50.0566251415628
2,94,886,44.0180586907449
2,96,879,48.6916951080774
2,97,880,55.5681818181818
2,98,882,50.2267573696145
2,99,878,51.1389521640091
3,4,879,50.3981797497156
3,5,883,51.5288788221971
3,10,883,45.9796149490374
3,11,882,51.9274376417234
3,12,885,41.2429378531073
3,14,883,43.8278595696489
3,17,883,44.3941109852775
3,18,883,46.5458663646659
3,19,884,52.3755656108597
3,20,883,48.9241223103058
3,23,881,48.694665153235
3,28,884,56.9004524886878
3,29,886,51.0158013544018
3,30,886,49.3227990970655
3,33,881,50.3972758229285
3,34,880,47.6136363636364
3,35,882,46.4852607709751
3,42,882,50.6802721088435
3,45,882,47.9591836734694
3,46,881,48.2406356413167
3,47,880,60.9090909090909
3,48,880,54.4318181818182
3,51,882,46.1451247165533
3,52,880,44.4318181818182
3,53,880,50
3,54,881,49.4892167990919
3,56,886,44.4695259593679
3,57,883,50.1698754246886
3,61,882,54.9886621315193
3,62,882,50.2267573696145
3,63,880,53.6363636363636
3,65,884,55.5429864253394
3,66,884,50.9049773755656
3,67,881,54.8240635641317
3,68,881,41.7707150964813
3,72,881,46.6515323496027
3,73,883,48.2446206115515
3,75,883,44.2808607021518
3,79,880,49.5454545454545
3,81,878,53.4168564920273
3,82,887,45.9977452085682
3,83,883,57.9841449603624
3,88,886,54.627539503386
3,90,882,42.1768707482993
3,91,877,48.1185860889396
3,92,883,54.3601359003397
3,94,882,46.2585034013605
3,96,887,48.5907553551297
3,97,880,54.0909090909091
3,98,883,50.1698754246886
3,99,881,43.9273552780931
4,5,881,47.4460839954597
4,10,882,51.0204081632653
4,11,881,46.9920544835414
4,12,884,51.4705882352941
4,14,884,53.5067873303167
4,17,884,56.6742081447964
4,18,882,46.8253968253968
4,19,883,47.7916194790487
4,20,882,56.9160997732426
4,23,885,53.3333333333333
4,28,880,55.4545454545455
4,29,882,58.0498866213152
4,30,882,49.7732426303855
4,33,886,55.079006772009
4,34,882,50.2267573696145
4,35,880,55
4,42,884,47.5113122171946
4,45,883,48.4711211778029
4,46,880,57.9545454545455
4,47,884,53.6199095022624
4,48,887,52.8748590755355
4,51,881,57.2077185017026
4,52,878,47.7220956719818
4,53,882,47.7324263038549
4,54,878,48.8610478359909
4,56,884,55.7692307692308
4,57,882,48.4126984126984
4,61,881,51.1918274687855
4,62,882,45.124716553288
4,63,881,48.3541430192963
4,65,880,51.9318181818182
4,66,881,47.3325766174801
4,67,886,49.097065462754
4,68,877,51.539338654504
4,72,884,54.8642533936652
4,73,883,58.7768969422424
4,75,883,45.8663646659117
4,79,883,52.6613816534541
4,81,881,49.2622020431328
4,82,882,45.8049886621315
4,83,883,48.6976217440544
4,88,880,48.75
4,90,887,44.6448703494927
4,91,883,49.60362400906
4,92,884,47.737556561086
4,94,884,51.9230769230769
4,96,883,47.4518686296716
4,97,886,49.8871331828442
4,98,878,48.2915717539863
4,99,883,42.9218573046433
5,10,879,49.9431171786121
5,11,885,53.6723163841808
5,12,884,46.7194570135747
5,14,882,47.9591836734694
5,17,878,53.4168564920273
5,18,884,43.7782805429864
5,19,879,45.8475540386803
5,20,881,52.7809307604994
5,23,879,48.6916951080774
5,28,880,50.2272727272727
5,29,883,52.2083805209513
5,30,883,49.4903737259343
5,33,882,52.1541950113379
5,34,884,47.737556561086
5,35,882,47.2789115646259
5,42,883,49.0373725934315
5,45,882,50.9070294784581
5,46,883,48.4711211778029
5,47,881,51.8728717366629
5,48,885,45.6497175141243
5,51,881,50.5107832009081
5,52,880,52.6136363636364
5,53,882,49.2063492063492
5,54,882,49.3197278911565
5,56,884,49.4343891402715
5,57,880,55.6818181818182
5,61,883,50.6228765571914
5,62,881,46.5380249716232
5,63,884,45.2488687782805
5,65,882,47.6190476190476
5,66,882,47.0521541950113
5,67,885,49.2655367231638
5,68,884,51.8099547511312
5,72,883,51.9818799546999
5,73,882,56.0090702947846
5,75,882,48.5260770975057
5,79,885,47.5706214689266
5,81,879,51.877133105802
5,82,885,52.6553672316384
5,83,881,48.4676503972758
5,88,881,42.6787741203178
5,90,881,50.3972758229285
5,91,882,50.2267573696145
5,92,881,50.8513053348468
5,94,882,49.092970521542
5,96,880,52.8409090909091
5,97,883,52.5481313703284
5,98,879,46.8714448236633
5,99,880,47.8409090909091
10,11,882,45.2380952380952
10,12,880,47.5
10,14,882,47.3922902494331
10,17,884,46.4932126696833
10,18,880,53.1818181818182
10,19,881,48.1271282633371
10,20,881,54.7105561861521
10,23,882,48.5260770975057
10,28,880,54.0909090909091
10,29,883,47.678369195923
10,30,882,50.9070294784581
10,33,884,42.1945701357466
10,34,881,49.1486946651532
10,35,880,52.6136363636364
10,42,879,51.6496018202503
10,45,888,49.8873873873874
10,46,880,53.5227272727273
10,47,880,53.0681818181818
10,48,883,52.321630804077
10,51,882,43.5374149659864
10,52,883,57.4178935447339
10,53,885,52.316384180791
10,54,885,54.2372881355932
10,56,884,45.3619909502262
10,57,878,51.9362186788155
10,61,884,49.5475113122172
10,62,882,53.7414965986395
10,63,879,47.8953356086462
10,65,880,48.8636363636364
10,66,884,52.262443438914
10,67,884,60.5203619909502
10,68,881,43.0192962542565
10,72,884,48.6425339366516
10,73,884,43.6651583710407
10,75,882,51.9274376417234
10,79,883,48.1313703284258
10,81,884,44.0045248868778
10,82,884,43.0995475113122
10,83,881,56.4131668558456
10,88,877,49.714937286203
10,90,880,57.2727272727273
10,91,881,48.1271282633371
10,92,883,54.1336353340883
10,94,878,56.7198177676538
10,96,882,49.7732426303855
10,97,884,49.3212669683258
10,98,882,49.6598639455782
10,99,879,49.1467576791809
11,12,880,52.2727272727273
11,14,882,49.3197278911565
11,17,881,50.9648127128263
11,18,887,51.9729425028185
11,19,888,48.8738738738739
11,20,878,55.8086560364465
11,23,880,47.0454545454545
11,28,880,45.4545454545455
11,29,885,50.2824858757062
11,30,882,58.0498866213152
11,33,888,48.1981981981982
11,34,884,54.1855203619909
11,35,881,47.3325766174801
11,42,879,50.6257110352674
11,45,881,52.099886492622
11,46,880,52.5
11,47,880,49.6590909090909
11,48,879,50.7394766780432
11,51,883,48.1313703284258
11,52,880,45.1136363636364
11,53,882,47.6190476190476
11,54,882,53.8548752834467
11,56,881,43.5868331441544
11,57,885,50.1694915254237
11,61,882,54.5351473922902
11,62,882,51.3605442176871
11,63,885,50.5084745762712
11,65,882,44.5578231292517
11,66,882,48.5260770975057
11,67,881,48.3541430192963
11,68,882,48.9795918367347
11,72,883,58.0973952434881
11,73,881,45.516458569807
11,75,883,53.7938844847112
11,79,882,49.4331065759637
11,81,884,49.3212669683258
11,82,881,47.3325766174801
11,83,882,56.2358276643991
11,88,880,57.6136363636364
11,90,886,51.4672686230248
11,91,882,44.4444444444444
11,92,886,42.3250564334086
11,94,883,45.9796149490374
11,96,883,46.2061155152888
11,97,882,60.3174603174603
11,98,878,57.4031890660592
11,99,884,41.6289592760181
12,14,881,44.1543700340522
12,17,883,43.7146092865232
12,18,885,45.0847457627119
12,19,883,45.0736126840317
12,20,882,48.2993197278912
12,23,886,42.5507900677201
12,28,880,51.1363636363636
12,29,882,45.6916099773243
12,30,883,59.9093997734994
12,33,880,54.7727272727273
12,34,879,49.4880546075085
12,35,884,45.814479638009
12,42,882,55.8956916099773
12,45,882,49.092970521542
12,46,882,48.4126984126984
12,47,882,51.3605442176871
12,48,881,52.4404086265607
12,51,882,49.7732426303855
12,52,884,53.6199095022624
12,53,883,52.321630804077
12,54,882,46.4852607709751
12,56,882,52.2675736961451
12,57,882,49.8866213151927
12,61,882,46.2585034013605
12,62,886,45.372460496614
12,63,884,40.158371040724
12,65,882,51.8140589569161
12,66,882,51.3605442176871
12,67,882,52.1541950113379
12,68,883,50.39637599094
12,72,885,50.6214689265537
12,73,879,47.3265073947668
12,75,878,49.3166287015945
12,79,879,50.8532423208191
12,81,880,49.7727272727273
12,82,880,47.6136363636364
12,83,880,58.9772727272727
12,88,884,51.0180995475113
12,90,884,50.9049773755656
12,91,884,42.7601809954751
12,92,887,52.9875986471251
12,94,883,56.0588901472254
12,96,878,52.0501138952164
12,97,882,44.1043083900227
12,98,881,46.311010215664
12,99,880,44.7727272727273
14,17,884,47.5113122171946
14,18,885,48.135593220339
14,19,881,47.6730987514188
14,20,882,49.8866213151927
14,23,880,51.8181818181818
14,28,882,49.092970521542
14,29,881,53.3484676503973
14,30,884,51.4705882352941
14,33,885,46.7796610169492
14,34,887,50.6200676437429
14,35,881,49.6027241770715
14,42,884,53.5067873303167
14,45,880,52.1590909090909
14,46,881,45.6299659477866
14,47,886,52.5959367945824
14,48,880,52.1590909090909
14,51,882,58.2766439909297
14,52,883,53.7938844847112
14,53,881,51.8728717366629
14,54,885,46.6666666666667
14,56,883,46.2061155152888
14,57,883,53.5673839184598
14,61,883,44.2808607021518
14,62,882,50.9070294784581
14,63,882,46.7120181405896
14,65,883,48.4711211778029
14,66,883,44.7338618346546
14,67,881,50.8513053348468
14,68,882,41.9501133786848
14,72,885,53.3333333333333
14,73,879,44.1410693970421
14,75,882,52.0408163265306
14,79,885,49.2655367231638
14,81,880,49.0909090909091
14,82,884,47.8506787330317
14,83,882,56.9160997732426
14,88,884,49.4343891402715
14,90,883,49.1506228765572
14,91,884,53.393665158371
14,92,883,54.0203850509626
14,94,882,59.0702947845805
14,96,884,51.5837104072398
14,97,878,50.3416856492027
14,98,882,51.4739229024943
14,99,883,45.4133635334088
17,18,886,54.5146726862302
17,19,884,50.4524886877828
17,20,882,49.6598639455782
17,23,882,45.0113378684807
17,28,885,54.0112994350282
17,29,885,44.7457627118644
17,30,880,57.3863636363636
17,33,883,54.0203850509626
17,34,882,52.4943310657596
17,35,882,48.1859410430839
17,42,883,52.4348810872027
17,45,879,42.8896473265074
17,46,880,47.8409090909091
17,47,886,52.8216704288939
17,48,881,53.688989784336
17,51,888,44.3693693693694
17,52,882,52.2675736961451
17,53,886,51.2415349887133
17,54,879,53.6973833902162
17,56,888,45.3828828828829
17,57,880,52.2727272727273
17,61,880,52.9545454545455
17,62,886,44.8081264108352
17,63,879,47.098976109215
17,65,885,51.638418079096
17,66,885,53.1073446327684
17,67,879,52.3321956769056
17,68,879,42.0932878270762
17,72,883,46.7723669309173
17,73,879,45.2787258248009
17,75,886,49.8871331828442
17,79,882,47.5056689342404
17,81,882,51.0204081632653
17,82,883,42.9218573046433
17,83,878,53.1890660592255
17,88,884,48.7556561085973
17,90,883,46.6591166477916
17,91,883,50.2831257078143
17,92,885,48.9265536723164
17,94,882,48.8662131519274
17,96,880,51.25
17,97,885,43.3898305084746
17,98,881,55.2780930760499
17,99,880,43.4090909090909
18,19,881,52.2133938706016
18,20,883,52.7746319365798
18,23,884,48.6425339366516
18,28,879,54.3799772468714
18,29,882,53.4013605442177
18,30,881,53.4619750283768
18,33,883,42.6953567383919
18,34,879,49.4880546075085
18,35,885,47.3446327683616
18,42,880,52.9545454545455
18,45,886,54.7404063205418
18,46,886,48.9841986455982
18,47,885,56.7231638418079
18,48,881,49.7162315550511
18,51,886,52.7088036117382
18,52,880,46.25
18,53,882,54.5351473922902
18,54,881,52.5539160045403
18,56,885,55.1412429378531
18,57,881,51.4188422247446
18,61,882,46.5986394557823
18,62,887,53.325817361894
18,63,883,50.39637599094
18,65,880,49.6590909090909
18,66,881,48.1271282633371
18,67,881,47.3325766174801
18,68,882,44.2176870748299
18,72,883,56.6251415628539
18,73,881,54.3700340522134
18,75,882,44.4444444444444
18,79,881,50.6242905788876
18,81,881,49.1486946651532
18,82,883,49.7168742921857
18,83,882,55.6689342403628
18,88,884,52.6018099547511
18,90,883,50.5096262740657
18,91,883,63.9864099660249
18,92,883,48.0181200453001
18,94,879,49.8293515358362
18,96,882,52.6077097505669
18,97,882,48.9795918367347
18,98,880,46.7045454545455
18,99,887,44.7576099210823
19,20,881,50.9648127128263
19,23,885,45.7627118644068
19,28,881,51.0783200908059
19,29,884,49.2081447963801
19,30,880,52.8409090909091
19,33,883,58.8901472253681
19,34,886,47.8555304740406
19,35,885,42.8248587570621
19,42,883,52.7746319365798
19,45,880,45.2272727272727
19,46,885,51.5254237288136
19,47,884,47.3981900452489
19,48,879,47.098976109215
19,51,882,55.6689342403628
19,52,883,55.039637599094
19,53,885,48.135593220339
19,54,885,47.7966101694915
19,56,882,58.9569160997732
19,57,882,52.6077097505669
19,61,883,50.39637599094
19,62,884,47.3981900452489
19,63,882,45.8049886621315
19,65,886,50.451467268623
19,66,884,45.5882352941176
19,67,878,51.5945330296128
19,68,878,54.7835990888383
19,72,882,53.2879818594104
19,73,882,51.7006802721088
19,75,883,46.3193657984145
19,79,879,51.9908987485779
19,81,878,46.3553530751708
19,82,878,48.9749430523918
19,83,884,54.0723981900452
19,88,881,51.305334846765
19,90,881,50.8513053348468
19,91,881,44.6083995459705
19,92,883,50.39637599094
19,94,881,55.7321225879682
19,96,882,45.8049886621315
19,97,881,50.6242905788876
19,98,880,52.9545454545455
19,99,878,44.7608200455581
20,23,881,52.3269012485812
20,28,882,51.1337868480726
20,29,884,54.5248868778281
20,30,880,54.0909090909091
20,33,879,52.2184300341297
20,34,882,56.4625850340136
20,35,882,53.5147392290249
20,42,881,51.9863791146425
20,45,881,46.8785471055619
20,46,882,45.6916099773243
20,47,882,46.9387755102041
20,48,882,55.6689342403628
20,51,880,54.4318181818182
20,52,879,43.5722411831627
20,53,882,53.4013605442177
20,54,882,50.453514739229
20,56,881,52.5539160045403
20,57,877,45.9521094640821
20,61,882,56.6893424036281
20,62,882,49.2063492063492
20,63,878,46.4692482915718
20,65,882,45.8049886621315
20,66,883,56.3986409966025
20,67,881,49.7162315550511
20,68,884,55.8823529411765
20,72,883,48.1313703284258
20,73,883,44.8471121177803
20,75,881,50.6242905788876
20,79,883,39.4110985277463
20,81,881,53.8024971623156
20,82,886,54.8532731376975
20,83,882,53.968253968254
20,88,879,52.2184300341297
20,90,884,43.3257918552036
20,91,881,49.4892167990919
20,92,882,50.9070294784581
20,94,882,47.8458049886621
20,96,885,43.8418079096045
20,97,882,50.453514739229
20,98,886,52.3702031602709
20,99,882,51.4739229024943
23,28,884,47.2850678733032
23,29,884,52.9411764705882
23,30,881,55.5051078320091
23,33,884,53.0542986425339
23,34,881,50.6242905788876
23,35,886,49.548532731377
23,42,881,51.8728717366629
23,45,883,50.9626274065685
23,46,881,54.0295119182747
23,47,881,51.8728717366629
23,48,886,53.9503386004515
23,51,884,46.7194570135747
23,52,882,44.3310657596372
23,53,885,50.2824858757062
23,54,882,53.7414965986395
23,56,879,47.6678043230944
23,57,882,47.8458049886621
23,61,880,47.2727272727273
23,62,880,48.1818181818182
23,63,882,44.2176870748299
23,65,885,46.4406779661017
23,66,884,45.814479638009
23,67,885,47.2316384180791
23,68,881,49.6027241770715
23,72,884,56.447963800905
23,73,881,44.8354143019296
23,75,880,55.1136363636364
23,79,881,55.7321225879682
23,81,882,49.6598639455782
23,82,880,45.4545454545455
23,83,884,50.7918552036199
23,88,884,57.2398190045249
23,90,881,52.2133938706016
23,91,883,50.5096262740657
23,92,880,49.2045454545455
23,94,882,51.2471655328798
23,96,882,50.2267573696145
23,97,882,48.7528344671202
23,98,883,53.4541336353341
23,99,883,43.035107587769
28,29,881,46.4245175936436
28,30,888,49.7747747747748
28,33,882,52.7210884353742
28,34,888,54.7297297297297
28,35,881,47.6730987514188
28,42,881,45.0624290578888
28,45,883,53.5673839184598
28,46,880,50.7954545454545
28,47,881,53.2349602724177
28,48,884,45.814479638009
28,51,881,43.8138479001135
28,52,882,46.2585034013605
28,53,884,41.1764705882353
28,54,880,45.6818181818182
28,56,883,54.1336353340883
28,57,882,50.1133786848073
28,61,882,50
28,62,886,53.9503386004515
28,63,882,54.0816326530612
28,65,882,47.0521541950113
28,66,882,47.9591836734694
28,67,885,40.225988700565
28,68,885,47.909604519774
28,72,883,49.1506228765572
28,73,884,48.3031674208145
28,75,880,51.0227272727273
28,79,878,47.380410022779
28,81,884,47.2850678733032
28,82,881,56.7536889897843
28,83,885,46.8926553672316
28,88,881,50.7377979568672
28,90,880,51.25
28,91,884,42.9864253393665
28,92,880,52.0454545454545
28,94,881,51.305334846765
28,96,877,51.6533637400228
28,97,880,52.7272727272727
28,98,883,53.7938844847112
28,99,884,55.0904977375566
29,30,879,50.2844141069397
29,33,881,47.105561861521
29,34,883,50.7361268403171
29,35,879,53.811149032992
29,42,882,52.9478458049887
29,45,884,53.0542986425339
29,46,884,48.3031674208145
29,47,881,51.1918274687855
29,48,883,52.321630804077
29,51,880,45
29,52,880,52.6136363636364
29,53,882,52.0408163265306
29,54,885,49.1525423728814
29,56,880,51.9318181818182
29,57,882,46.8253968253968
29,61,881,55.7321225879682
29,62,879,49.3742889647326
29,63,882,51.1337868480726
29,65,881,49.4892167990919
29,66,883,50.39637599094
29,67,878,50.1138952164009
29,68,884,47.5113122171946
29,72,885,50.0564971751412
29,73,881,49.4892167990919
29,75,884,52.3755656108597
29,79,880,46.0227272727273
29,81,881,47.6730987514188
29,82,885,54.4632768361582
29,83,883,47.7916194790487
29,88,882,50
29,90,885,55.819209039548
29,91,880,45.6818181818182
29,92,883,50.5096262740657
29,94,879,50.8532423208191
29,96,880,56.3636363636364
29,97,883,49.9433748584371
29,98,883,50.39637599094
29,99,883,54.9263873159683
30,33,883,53.2276330690827
30,34,883,42.3556058890147
30,35,883,48.8108720271801
30,42,881,53.2349602724177
30,45,879,49.3742889647326
30,46,881,41.5437003405221
30,47,883,48.9241223103058
30,48,882,50.2267573696145
30,51,881,48.5811577752554
30,52,884,44.4570135746606
30,53,883,52.0951302378256
30,54,880,49.7727272727273
30,56,886,46.0496613995485
30,57,882,49.4331065759637
30,61,878,48.4054669703872
30,62,880,50.6818181818182
30,63,883,52.7746319365798
30,65,879,49.4880546075085
30,66,885,53.8983050847458
30,67,884,53.1674208144796
30,68,882,55.2154195011338
30,72,882,51.2471655328798
30,73,884,44.683257918552
30,75,882,48.2993197278912
30,79,884,53.393665158371
30,81,884,49.3212669683258
30,82,883,52.7746319365798
30,83,882,40.4761904761905
30,88,888,50.6756756756757
30,90,885,42.5988700564972
30,91,882,50.6802721088435
30,92,884,53.2805429864253
30,94,879,48.8054607508532
30,96,882,59.6371882086168
30,97,878,46.5831435079727
30,98,881,51.1918274687855
30,99,880,53.8636363636364
33,34,878,48.6332574031891
33,35,881,51.8728717366629
33,42,882,49.2063492063492
33,45,880,50.6818181818182
33,46,880,47.2727272727273
33,47,881,51.7593643586833
33,48,884,48.5294117647059
33,51,881,43.9273552780931
33,52,880,53.6363636363636
33,53,885,50.0564971751412
33,54,881,54.5970488081725
33,56,878,50.4555808656036
33,57,884,50.6787330316742
33,61,884,46.606334841629
33,62,888,52.1396396396396
33,63,881,56.7536889897843
33,65,881,55.8456299659478
33,66,880,44.3181818181818
33,67,885,50.0564971751412
33,68,884,48.0769230769231
33,72,887,50.8455467869222
33,73,883,46.2061155152888
33,75,885,52.316384180791
33,79,884,55.4298642533937
33,81,882,53.0612244897959
33,82,881,51.9863791146425
33,83,880,55.7954545454545
33,88,884,55.8823529411765
33,90,882,56.3492063492063
33,91,883,49.2638731596829
33,92,880,50
33,94,881,52.5539160045403
33,96,883,54.8131370328426
33,97,884,52.1493212669683
33,98,881,51.1918274687855
33,99,884,56.1085972850679
34,35,878,51.0250569476082
34,42,882,52.9478458049887
34,45,878,47.2665148063781
34,46,881,48.4676503972758
34,47,880,48.8636363636364
34,48,881,50.1702610669694
34,51,882,50.5668934240363
34,52,883,55.1528878822197
34,53,879,48.0091012514221
34,54,886,51.2415349887133
34,56,881,48.9216799091941
34,57,880,51.9318181818182
34,61,882,49.4331065759637
34,62,882,49.8866213151927
34,63,884,51.9230769230769
34,65,883,50.7361268403171
34,66,880,48.0681818181818
34,67,883,56.2853907134768
34,68,880,47.3863636363636
34,72,884,47.0588235294118
34,73,885,49.4915254237288
34,75,884,47.737556561086
34,79,880,53.8636363636364
34,81,882,50.5668934240363
34,82,881,53.8024971623156
34,83,885,55.2542372881356
34,88,881,50.2837684449489
34,90,881,46.311010215664
34,91,880,53.75
34,92,882,53.1746031746032
34,94,884,49.3212669683258
34,96,881,56.8671963677639
34,97,883,46.5458663646659
34,98,882,48.5260770975057
34,99,885,57.4011299435028
35,42,880,54.0909090909091
35,45,886,44.2437923250564
35,46,884,48.9819004524887
35,47,882,49.3197278911565
35,48,885,48.2485875706215
35,51,885,49.3785310734463
35,52,879,48.9192263936291
35,53,883,48.6976217440544
35,54,884,47.6244343891403
35,56,879,55.1763367463026
35,57,882,48.4126984126984
35,61,886,50.1128668171558
35,62,886,51.1286681715576
35,63,881,46.5380249716232
35,65,882,53.4013605442177
35,66,882,43.6507936507937
35,67,880,50.3409090909091
35,68,880,47.0454545454545
35,72,883,47.5651189127973
35,73,885,51.2994350282486
35,75,881,48.3541430192963
35,79,883,52.6613816534541
35,81,881,55.5051078320091
35,82,883,45.753114382786
35,83,881,47.105561861521
35,88,885,49.0395480225989
35,90,881,47.7866061293984
35,91,881,43.7003405221339
35,92,884,50.9049773755656
35,94,882,49.3197278911565
35,96,883,47.2253680634202
35,97,881,48.9216799091941
35,98,880,51.4772727272727
35,99,882,48.1859410430839
42,45,882,47.9591836734694
42,46,882,47.8458049886621
42,47,879,50.967007963595
42,48,883,42.5821064552661
42,51,883,51.3023782559456
42,52,885,55.0282485875706
42,53,886,46.9525959367946
42,54,884,51.131221719457
42,56,878,53.6446469248292
42,57,883,56.2853907134768
42,61,882,42.5170068027211
42,62,884,47.9638009049774
42,63,885,52.5423728813559
42,65,879,47.098976109215
42,66,884,49.0950226244344
42,67,878,56.8337129840547
42,68,881,47.5595913734393
42,72,884,47.9638009049774
42,73,881,53.4619750283768
42,75,884,49.4343891402715
42,79,882,49.7732426303855
42,81,882,44.4444444444444
42,82,882,45.8049886621315
42,83,878,50.3416856492027
42,88,887,51.0710259301015
42,90,886,50.451467268623
42,91,885,50.0564971751412
42,92,884,45.3619909502262
42,94,881,50.7377979568672
42,96,883,53.2276330690827
42,97,882,50.6802721088435
42,98,882,45.2380952380952
42,99,881,50.7377979568672
45,46,881,45.9704880817253
45,47,878,48.1776765375854
45,48,885,53.2203389830509
45,51,883,44.960362400906
45,52,882,47.6190476190476
45,53,883,46.3193657984145
45,54,885,50.2824858757062
45,56,883,48.5843714609287
45,57,879,46.7576791808874
45,61,884,49.7737556561086
45,62,884,46.1538461538462
45,63,878,49.7722095671982
45,65,883,50.5096262740657
45,66,882,53.0612244897959
45,67,882,48.7528344671202
45,68,883,48.5843714609287
45,72,885,50.5084745762712
45,73,880,51.4772727272727
45,75,882,46.1451247165533
45,79,878,48.9749430523918
45,81,884,52.8280542986425
45,82,880,47.9545454545455
45,83,881,52.894438138479
45,88,879,54.9488054607508
45,90,881,44.3813847900114
45,91,883,48.5843714609287
45,92,882,48.8662131519274
45,94,878,47.7220956719818
45,96,884,53.2805429864253
45,97,885,45.9887005649718
45,98,879,51.9908987485779
45,99,883,55.6058890147225
46,47,883,43.3748584371461
46,48,882,52.1541950113379
46,51,883,50.1698754246886
46,52,884,50.1131221719457
46,53,881,46.6515323496027
46,54,883,45.9796149490374
46,56,884,47.6244343891403
46,57,881,50.7377979568672
46,61,881,51.4188422247446
46,62,883,47.5651189127973
46,63,884,49.5475113122172
46,65,881,47.6730987514188
46,66,884,56.1085972850679
46,67,879,44.3686006825939
46,68,882,50.1133786848073
46,72,885,56.6101694915254
46,73,881,44.8354143019296
46,75,881,54.1430192962543
46,79,882,49.3197278911565
46,81,881,51.305334846765
46,82,882,52.9478458049887
46,83,881,49.9432463110102
46,88,882,50
46,90,884,42.7601809954751
46,91,883,45.753114382786
46,92,885,52.6553672316384
46,94,880,47.1590909090909
46,96,880,58.2954545454545
46,97,880,46.9318181818182
46,98,884,52.4886877828054
46,99,882,53.4013605442177
47,48,881,53.688989784336
47,51,886,56.5462753950339
47,52,881,52.894438138479
47,53,883,46.4326160815402
47,54,882,52.7210884353742
47,56,881,50.6242905788876
47,57,883,48.4711211778029
47,61,886,52.5959367945824
47,62,883,53.0011325028313
47,63,882,43.6507936507937
47,65,881,53.4619750283768
47,66,884,58.710407239819
47,67,880,49.3181818181818
47,68,883,57.4178935447339
47,72,884,51.5837104072398
47,73,881,44.8354143019296
47,75,883,53.0011325028313
47,79,881,50.8513053348468
47,81,883,53.4541336353341
47,82,880,50.9090909090909
47,83,881,46.4245175936436
47,88,885,50.1694915254237
47,90,881,56.8671963677639
47,91,886,50.6772009029345
47,92,882,48.9795918367347
47,94,880,49.0909090909091
47,96,882,51.8140589569161
47,97,882,42.2902494331066
47,98,884,45.814479638009
47,99,881,54.8240635641317
48,51,882,47.9591836734694
48,52,882,57.2562358276644
48,53,885,52.316384180791
48,54,879,48.4641638225256
48,56,881,53.9160045402951
48,57,884,47.8506787330317
48,61,882,41.2698412698413
48,62,881,46.9920544835414
48,63,880,54.3181818181818
48,65,882,50.7936507936508
48,66,881,43.8138479001135
48,67,881,54.7105561861521
48,68,882,56.4625850340136
48,72,883,47.4518686296716
48,73,881,59.2508513053348
48,75,883,53.9071347678369
48,79,883,51.6421291053228
48,81,882,45.6916099773243
48,82,880,54.6590909090909
48,83,884,47.0588235294118
48,88,878,45.2164009111617
48,90,883,55.4926387315968
48,91,881,48.2406356413167
48,92,881,40.7491486946652
48,94,883,49.1506228765572
48,96,884,48.9819004524887
48,97,883,56.0588901472254
48,98,884,51.5837104072398
48,99,883,50.39637599094
51,52,883,48.1313703284258
51,53,882,44.8979591836735
51,54,882,57.1428571428571
51,56,887,49.379932356257
51,57,880,55.1136363636364
51,61,887,56.5952649379932
51,62,884,53.7330316742081
51,63,880,51.9318181818182
51,65,881,52.4404086265607
51,66,880,50.7954545454545
51,67,881,47.6730987514188
51,68,883,44.6206115515289
51,72,882,47.7324263038549
51,73,882,48.2993197278912
51,75,884,56.2217194570136
51,79,880,47.6136363636364
51,81,881,50.1702610669694
51,82,881,48.3541430192963
51,83,879,47.3265073947668
51,88,888,52.027027027027
51,90,882,55.1020408163265
51,91,883,49.3771234428086
51,92,886,49.8871331828442
51,94,880,40.6818181818182
51,96,882,50.453514739229
51,97,884,50.4524886877828
51,98,878,55.3530751708428
51,99,884,50
52,53,882,50.6802721088435
52,54,885,50.1694915254237
52,56,883,49.7168742921857
52,57,882,50.1133786848073
52,61,882,55.5555555555556
52,62,885,50.1694915254237
52,63,888,51.6891891891892
52,65,880,46.0227272727273
52,66,882,61.9047619047619
52,67,881,44.2678774120318
52,68,884,46.2669683257919
52,72,879,49.032992036405
52,73,880,52.3863636363636
52,75,884,47.0588235294118
52,79,884,45.2488687782805
52,81,880,54.5454545454545
52,82,884,53.1674208144796
52,83,887,48.8162344983089
52,88,882,59.750566893424
52,90,881,46.5380249716232
52,91,879,49.9431171786121
52,92,883,49.9433748584371
52,94,879,47.6678043230944
52,96,882,48.9795918367347
52,97,883,53.114382785957
52,98,882,51.0204081632653
52,99,880,49.2045454545455
53,54,883,54.3601359003397
53,56,881,48.1271282633371
53,57,881,46.8785471055619
53,61,882,57.0294784580499
53,62,882,49.8866213151927
53,63,882,49.6598639455782
53,65,880,51.1363636363636
53,66,883,51.0758776896942
53,67,883,43.2616081540204
53,68,878,47.8359908883827
53,72,881,52.3269012485812
53,73,883,48.5843714609287
53,75,880,50.2272727272727
53,79,881,46.9920544835414
53,81,881,45.6299659477866
53,82,882,52.6077097505669
53,83,884,50.6787330316742
53,88,881,50.2837684449489
53,90,882,55.7823129251701
53,91,884,52.4886877828054
53,92,882,49.4331065759637
53,94,882,42.1768707482993
53,96,883,44.8471121177803
53,97,882,56.1224489795918
53,98,882,49.546485260771
53,99,886,50.451467268623
54,56,884,48.6425339366516
54,57,883,48.0181200453001
54,61,887,45.4340473506201
54,62,881,50.8513053348468
54,63,884,47.8506787330317
54,65,882,54.9886621315193
54,66,884,47.0588235294118
54,67,880,47.1590909090909
54,68,883,51.7553793884485
54,72,881,44.0408626560726
54,73,884,51.2443438914027
54,75,881,53.8024971623156
54,79,878,52.619589977221
54,81,879,47.6678043230944
54,82,886,55.4176072234763
54,83,886,48.8713318284424
54,88,880,47.5
54,90,880,49.2045454545455
54,91,882,49.2063492063492
54,92,884,55.316742081448
54,94,880,54.2045454545455
54,96,885,54.5762711864407
54,97,881,48.9216799091941
54,98,883,42.1291053227633
54,99,881,48.694665153235
56,57,883,44.7338618346546
56,61,886,52.7088036117382
56,62,883,45.4133635334088
56,63,880,47.1590909090909
56,65,882,50.3401360544218
56,66,884,55.5429864253394
56,67,885,51.864406779661
56,68,881,45.9704880817253
56,72,878,48.6332574031891
56,73,880,45
56,75,882,46.031746031746
56,79,881,48.3541430192963
56,81,884,50.3393665158371
56,82,883,43.3748584371461
56,83,887,46.8996617812852
56,88,881,53.2349602724177
56,90,881,44.0408626560726
56,91,880,50.5681818181818
56,92,882,56.0090702947846
56,94,884,46.606334841629
56,96,882,53.0612244897959
56,97,879,56.9965870307167
56,98,887,53.4385569334837
56,99,882,50
57,61,883,56.8516421291053
57,62,882,42.6303854875283
57,63,885,54.8022598870056
57,65,883,46.4326160815402
57,66,882,53.6281179138322
57,67,880,51.25
57,68,880,51.7045454545455
57,72,882,46.9387755102041
57,73,887,44.8703494926719
57,75,883,42.4688561721404
57,79,884,47.6244343891403
57,81,884,50.1131221719457
57,82,882,50.2267573696145
57,83,884,48.1900452488688
57,88,882,51.8140589569161
57,90,883,48.5843714609287
57,91,883,54.5866364665912
57,92,882,45.9183673469388
57,94,884,47.3981900452489
57,96,887,47.8015783540023
57,97,885,52.316384180791
57,98,877,50.5131128848347
57,99,881,52.894438138479
61,62,879,49.9431171786121
61,63,885,50.2824858757062
61,65,882,53.1746031746032
61,66,879,46.8714448236633
61,67,881,54.483541430193
61,68,880,56.25
61,72,879,45.2787258248009
61,73,879,49.3742889647326
61,75,882,55.5555555555556
61,79,883,54.1336353340883
61,81,880,49.5454545454545
61,82,882,57.2562358276644
61,83,883,51.6421291053228
61,88,881,50.0567536889898
61,90,884,52.3755656108597
61,91,885,51.864406779661
61,92,887,48.7034949267193
61,94,885,55.0282485875706
61,96,883,57.6443941109853
61,97,885,47.2316384180791
61,98,884,53.1674208144796
61,99,880,48.9772727272727
62,63,883,54.0203850509626
62,65,884,44.4570135746606
62,66,881,48.8081725312145
62,67,885,49.4915254237288
62,68,883,54.8131370328426
62,72,881,44.8354143019296
62,73,881,54.9375709421112
62,75,879,46.0750853242321
62,79,877,47.2063854047891
62,81,881,50.9648127128263
62,82,880,45
62,83,881,51.5323496027242
62,88,880,45.5681818181818
62,90,884,48.6425339366516
62,91,882,49.4331065759637
62,92,884,48.7556561085973
62,94,881,52.894438138479
62,96,882,45.8049886621315
62,97,882,47.9591836734694
62,98,882,48.2993197278912
62,99,886,46.6139954853273
63,65,884,52.4886877828054
63,66,884,50.1131221719457
63,67,883,53.7938844847112
63,68,881,51.305334846765
63,72,881,51.0783200908059
63,73,883,49.8301245753114
63,75,880,50.5681818181818
63,79,882,55.8956916099773
63,81,883,49.3771234428086
63,82,885,49.0395480225989
63,83,883,52.5481313703284
63,88,882,51.7006802721088
63,90,881,48.2406356413167
63,91,882,47.6190476190476
63,92,883,54.6998867497169
63,94,883,55.6058890147225
63,96,881,45.9704880817253
63,97,881,47.7866061293984
63,98,880,51.8181818181818
63,99,882,49.4331065759637
65,66,881,46.9920544835414
65,67,884,49.6606334841629
65,68,879,50.1706484641638
65,72,883,49.2638731596829
65,73,879,43.1171786120592
65,75,880,50.2272727272727
65,79,882,46.9387755102041
65,81,882,44.3310657596372
65,82,879,52.3321956769056
65,83,884,44.9095022624434
65,88,883,50.5096262740657
65,90,880,51.5909090909091
65,91,882,52.4943310657596
65,92,884,48.0769230769231
65,94,887,55.6933483652762
65,96,880,45.5681818181818
65,97,884,54.9773755656109
65,98,880,51.25
65,99,885,53.7853107344633
66,67,883,52.2083805209513
66,68,881,48.9216799091941
66,72,881,51.1918274687855
66,73,882,57.7097505668934
66,75,885,52.9943502824859
66,79,881,59.5913734392736
66,81,882,47.3922902494331
66,82,883,47.3386183465459
66,83,883,52.4348810872027
66,88,882,46.9387755102041
66,90,883,50.1698754246886
66,91,883,51.1891279728199
66,92,887,46.4487034949267
66,94,878,51.4806378132118
66,96,880,50.6818181818182
66,97,882,53.4013605442177
66,98,883,47.1121177802944
66,99,884,50.4524886877828
67,68,883,50.9626274065685
67,72,880,56.0227272727273
67,73,887,52.3111612175874
67,75,878,51.9362186788155
67,79,881,51.7593643586833
67,81,878,52.7334851936219
67,82,883,58.3238958097395
67,83,878,42.0273348519362
67,88,880,51.7045454545455
67,90,882,54.7619047619048
67,91,883,47.7916194790487
67,92,882,51.2471655328798
67,94,882,52.2675736961451
67,96,882,48.6394557823129
67,97,877,51.8814139110604
67,98,881,54.483541430193
67,99,884,44.4570135746606
68,72,881,48.3541430192963
68,73,881,52.2133938706016
68,75,882,46.8253968253968
68,79,880,50.5681818181818
68,81,881,44.4948921679909
68,82,879,44.4823663253697
68,83,883,61.2684031710079
68,88,882,53.6281179138322
68,90,882,50.5668934240363
68,91,882,54.875283446712
68,92,880,52.0454545454545
68,94,884,49.8868778280543
68,96,884,52.6018099547511
68,97,889,48.4814398200225
68,98,883,48.6976217440544
68,99,884,42.5339366515837
72,73,883,49.7168742921857
72,75,882,54.5351473922902
72,79,881,49.0351872871737
72,81,882,52.1541950113379
72,82,879,50.6257110352674
72,83,883,53.9071347678369
72,88,884,47.9638009049774
72,90,888,52.027027027027
72,91,884,48.9819004524887
72,92,882,55.1020408163265
72,94,882,55.328798185941
72,96,881,45.4029511918275
72,97,877,52.9076396807298
72,98,879,47.5540386803185
72,99,882,57.1428571428571
73,75,878,56.2642369020501
73,79,883,47.678369195923
73,81,881,48.5811577752554
73,82,884,56.9004524886878
73,83,884,49.0950226244344
73,88,879,50.1706484641638
73,90,882,51.4739229024943
73,91,883,50.1698754246886
73,92,882,51.7006802721088
73,94,883,51.4156285390713
73,96,883,51.1891279728199
73,97,882,46.3718820861678
73,98,882,56.4625850340136
73,99,883,49.3771234428086
75,79,882,46.8253968253968
75,81,884,52.9411764705882
75,82,879,47.6678043230944
75,83,883,50.7361268403171
75,88,880,55
75,90,880,45.4545454545455
75,91,882,50.3401360544218
75,92,883,54.246885617214
75,94,883,45.1868629671574
75,96,883,52.8878822197056
75,97,883,52.0951302378256
75,98,884,46.3800904977376
75,99,883,51.1891279728199
79,81,880,49.0909090909091
79,82,885,55.2542372881356
79,83,882,55.4421768707483
79,88,888,48.3108108108108
79,90,884,46.9457013574661
79,91,883,50.7361268403171
79,92,883,49.1506228765572
79,94,879,44.9374288964733
79,96,881,48.9216799091941
79,97,882,45.3514739229025
79,98,883,49.7168742921857
79,99,879,48.3503981797497
81,82,878,49.2027334851936
81,83,879,51.9908987485779
81,88,882,41.609977324263
81,90,885,51.4124293785311
81,91,882,48.7528344671202
81,92,880,50.6818181818182
81,94,883,48.9241223103058
81,96,882,52.8344671201814
81,97,883,54.9263873159683
81,98,881,46.6515323496027
81,99,880,52.6136363636364
82,83,878,50.9111617312073
82,88,882,48.4126984126984
82,90,883,47.2253680634202
82,91,879,46.9852104664391
82,92,883,48.6976217440544
82,94,881,50.7377979568672
82,96,882,53.7414965986395
82,97,878,47.8359908883827
82,98,881,39.727582292849
82,99,884,48.6425339366516
83,88,880,48.1818181818182
83,90,886,51.4672686230248
83,91,880,46.3636363636364
83,92,882,51.4739229024943
83,94,883,51.3023782559456
83,96,882,49.546485260771
83,97,883,49.1506228765572
83,98,884,53.1674208144796
83,99,884,48.3031674208145
88,90,881,51.305334846765
88,91,886,46.5011286681716
88,92,883,46.9988674971687
88,94,882,51.1337868480726
88,96,881,49.9432463110102
88,97,884,45.814479638009
88,98,881,39.0465380249716
88,99,882,44.5578231292517
90,91,883,49.3771234428086
90,92,883,50.9626274065685
90,94,883,46.885617214043
90,96,881,51.305334846765
90,97,882,48.4126984126984
90,98,882,50.7936507936508
90,99,884,55.4298642533937
91,92,883,52.4348810872027
91,94,880,49.3181818181818
91,96,882,52.7210884353742
91,97,880,53.9772727272727
91,98,879,51.4220705346985
91,99,881,53.8024971623156
92,94,880,48.8636363636364
92,96,880,43.4090909090909
92,97,880,50
92,98,877,46.636259977195
92,99,878,43.0523917995444
94,96,883,52.4348810872027
94,97,880,58.0681818181818
94,98,883,53.7938844847112
94,99,881,52.2133938706016
96,97,879,59.7269624573379
96,98,885,50.2824858757062
96,99,883,50.5096262740657
97,98,882,51.0204081632653
97,99,883,43.7146092865232
98,99,885,51.0734463276836
