chip_id,step_id,vdd_v,temp_c,is_nominal,log_valid,enrollment_success,raw_response_errors,raw_ber_percent,selected_response_errors,selected_ber_percent,decoder_reported_corrected_errors,decoder_reported_failure,message_match,key_match,reconstruction_success,max_edge100_ns
1,1,0.9,-20,0,1,1,10,0.977517106549365,0,0,0,0,1,1,1,8.32636573545
1,2,1,-20,0,1,1,18,1.75953079178886,0,0,0,0,1,1,1,6.88999791094
1,3,1.1,-20,0,1,1,25,2.44379276637341,0,0,0,0,1,1,1,5.9870617683
1,4,0.9,25,0,1,1,9,0.879765395894428,0,0,0,0,1,1,1,11.9225276516
1,5,1,25,1,1,1,0,0,0,0,0,0,1,1,1,9.68040009919
1,6,1.1,25,0,1,1,7,0.684261974584555,0,0,0,0,1,1,1,8.30424122
1,7,0.9,80,0,1,1,13,1.27077223851417,0,0,0,0,1,1,1,17.5280015576
1,8,1,80,0,1,1,3,0.293255131964809,0,0,0,0,1,1,1,14.1096801779
1,9,1.1,80,0,1,1,8,0.782013685239492,0,0,0,0,1,1,1,12.0173397205
2,1,0.9,-20,0,1,1,12,1.17302052785924,0,0,0,0,1,1,1,8.34007128626
2,2,1,-20,0,1,1,20,1.95503421309873,1,0.105263157894737,1,0,1,1,1,6.88468189896
2,3,1.1,-20,0,1,1,29,2.83479960899316,3,0.315789473684211,3,0,1,1,1,5.98083902868
2,4,0.9,25,0,1,1,10,0.977517106549365,0,0,0,0,1,1,1,11.9846158186
2,5,1,25,1,1,1,0,0,0,0,0,0,1,1,1,9.69152958254
2,6,1.1,25,0,1,1,11,1.0752688172043,0,0,0,0,1,1,1,8.30078237659
2,7,0.9,80,0,1,1,7,0.684261974584555,0,0,0,0,1,1,1,17.6670479724
2,8,1,80,0,1,1,3,0.293255131964809,0,0,0,0,1,1,1,14.1447556734
2,9,1.1,80,0,1,1,7,0.684261974584555,0,0,0,0,1,1,1,12.0203396592
3,1,0.9,-20,0,1,1,10,0.977517106549365,0,0,0,0,1,1,1,8.18888518789
3,2,1,-20,0,1,1,12,1.17302052785924,0,0,0,0,1,1,1,6.76872016783
3,3,1.1,-20,0,1,1,18,1.75953079178886,1,0.105263157894737,1,0,1,1,1,5.89546113665
3,4,0.9,25,0,1,1,10,0.977517106549365,0,0,0,0,1,1,1,11.7352977762
3,5,1,25,1,1,1,0,0,0,0,0,0,1,1,1,9.49782286958
3,6,1.1,25,0,1,1,5,0.488758553274682,0,0,0,0,1,1,1,8.14815503328
3,7,0.9,80,0,1,1,13,1.27077223851417,0,0,0,0,1,1,1,17.250911276
3,8,1,80,0,1,1,4,0.391006842619746,0,0,0,0,1,1,1,13.8281784885
3,9,1.1,80,0,1,1,0,0,0,0,0,0,1,1,1,11.7725698636
4,1,0.9,-20,0,1,1,17,1.66177908113392,0,0,0,0,1,1,1,8.28212766159
4,2,1,-20,0,1,1,22,2.1505376344086,2,0.210526315789474,2,0,1,1,1,6.86853288236
4,3,1.1,-20,0,1,1,27,2.63929618768328,3,0.315789473684211,3,0,1,1,1,5.99154110279
4,4,0.9,25,0,1,1,11,1.0752688172043,0,0,0,0,1,1,1,11.8724566544
4,5,1,25,1,1,1,0,0,0,0,0,0,1,1,1,9.63167260385
4,6,1.1,25,0,1,1,10,0.977517106549365,0,0,0,0,1,1,1,8.26312336309
4,7,0.9,80,0,1,1,12,1.17302052785924,1,0.105263157894737,1,0,1,1,1,17.4808680849
4,8,1,80,0,1,1,7,0.684261974584555,0,0,0,0,1,1,1,14.0511391598
4,9,1.1,80,0,1,1,10,0.977517106549365,0,0,0,0,1,1,1,11.963067346
5,1,0.9,-20,0,1,1,12,1.17302052785924,0,0,0,0,1,1,1,8.44367496554
5,2,1,-20,0,1,1,18,1.75953079178886,1,0.105263157894737,1,0,1,1,1,6.96576943335
5,3,1.1,-20,0,1,1,25,2.44379276637341,3,0.315789473684211,3,0,1,1,1,6.06995542507
5,4,0.9,25,0,1,1,12,1.17302052785924,0,0,0,0,1,1,1,12.1049767624
5,5,1,25,1,1,1,0,0,0,0,0,0,1,1,1,9.77738421395
5,6,1.1,25,0,1,1,3,0.293255131964809,0,0,0,0,1,1,1,8.36233995648
5,7,0.9,80,0,1,1,18,1.75953079178886,0,0,0,0,1,1,1,17.8465915808
5,8,1,80,0,1,1,4,0.391006842619746,0,0,0,0,1,1,1,14.2803557785
5,9,1.1,80,0,1,1,4,0.391006842619746,0,0,0,0,1,1,1,12.1216259186
6,1,0.9,-20,0,1,0,17,1.66177908113392,NaN,NaN,NaN,NaN,NaN,NaN,0,8.36421373573
6,2,1,-20,0,1,0,19,1.85728250244379,NaN,NaN,NaN,NaN,NaN,NaN,0,6.9109262301
6,3,1.1,-20,0,1,0,27,2.63929618768328,NaN,NaN,NaN,NaN,NaN,NaN,0,6.01884448182
6,4,0.9,25,0,1,0,17,1.66177908113392,NaN,NaN,NaN,NaN,NaN,NaN,0,12.0818773449
6,5,1,25,1,1,0,0,0,NaN,NaN,NaN,NaN,NaN,NaN,0,9.74345344504
6,6,1.1,25,0,1,0,6,0.586510263929619,NaN,NaN,NaN,NaN,NaN,NaN,0,8.33533125746
6,7,0.9,80,0,1,0,21,2.05278592375367,NaN,NaN,NaN,NaN,NaN,NaN,0,17.8438558064
6,8,1,80,0,1,0,10,0.977517106549365,NaN,NaN,NaN,NaN,NaN,NaN,0,14.2544272303
6,9,1.1,80,0,1,0,7,0.684261974584555,NaN,NaN,NaN,NaN,NaN,NaN,0,12.096095244
7,1,0.9,-20,0,1,0,17,1.66177908113392,NaN,NaN,NaN,NaN,NaN,NaN,0,8.31241195994
7,2,1,-20,0,1,0,22,2.1505376344086,NaN,NaN,NaN,NaN,NaN,NaN,0,6.87114030728
7,3,1.1,-20,0,1,0,25,2.44379276637341,NaN,NaN,NaN,NaN,NaN,NaN,0,5.98557525264
7,4,0.9,25,0,1,0,17,1.66177908113392,NaN,NaN,NaN,NaN,NaN,NaN,0,11.9541698742
7,5,1,25,1,1,0,0,0,NaN,NaN,NaN,NaN,NaN,NaN,0,9.66251190718
7,6,1.1,25,0,1,0,5,0.488758553274682,NaN,NaN,NaN,NaN,NaN,NaN,0,8.27525500796
7,7,0.9,80,0,1,0,19,1.85728250244379,NaN,NaN,NaN,NaN,NaN,NaN,0,17.6237289596
7,8,1,80,0,1,0,4,0.391006842619746,NaN,NaN,NaN,NaN,NaN,NaN,0,14.1114233094
7,9,1.1,80,0,1,0,6,0.586510263929619,NaN,NaN,NaN,NaN,NaN,NaN,0,11.9915278243
8,1,0.9,-20,0,1,0,9,0.879765395894428,NaN,NaN,NaN,NaN,NaN,NaN,0,8.04286309391
8,2,1,-20,0,1,0,15,1.46627565982405,NaN,NaN,NaN,NaN,NaN,NaN,0,6.73655330135
8,3,1.1,-20,0,1,0,22,2.1505376344086,NaN,NaN,NaN,NaN,NaN,NaN,0,5.89602076464
8,4,0.9,25,0,1,0,8,0.782013685239492,NaN,NaN,NaN,NaN,NaN,NaN,0,11.4706482444
8,5,1,25,1,1,0,0,0,NaN,NaN,NaN,NaN,NaN,NaN,0,9.34075694468
8,6,1.1,25,0,1,0,9,0.879765395894428,NaN,NaN,NaN,NaN,NaN,NaN,0,8.04239791001
8,7,0.9,80,0,1,0,12,1.17302052785924,NaN,NaN,NaN,NaN,NaN,NaN,0,16.7900603984
8,8,1,80,0,1,0,6,0.586510263929619,NaN,NaN,NaN,NaN,NaN,NaN,0,13.546894878
8,9,1.1,80,0,1,0,9,0.879765395894428,NaN,NaN,NaN,NaN,NaN,NaN,0,11.5753517755
9,1,0.9,-20,0,1,0,13,1.27077223851417,NaN,NaN,NaN,NaN,NaN,NaN,0,8.43214794468
9,2,1,-20,0,1,0,23,2.24828934506354,NaN,NaN,NaN,NaN,NaN,NaN,0,6.9653743495
9,3,1.1,-20,0,1,0,24,2.34604105571848,NaN,NaN,NaN,NaN,NaN,NaN,0,6.06927610207
9,4,0.9,25,0,1,0,15,1.46627565982405,NaN,NaN,NaN,NaN,NaN,NaN,0,12.1144177986
9,5,1,25,1,1,0,0,0,NaN,NaN,NaN,NaN,NaN,NaN,0,9.79602423908
9,6,1.1,25,0,1,0,7,0.684261974584555,NaN,NaN,NaN,NaN,NaN,NaN,0,8.38192377418
9,7,0.9,80,0,1,0,16,1.56402737047898,NaN,NaN,NaN,NaN,NaN,NaN,0,17.8596233398
9,8,1,80,0,1,0,5,0.488758553274682,NaN,NaN,NaN,NaN,NaN,NaN,0,14.3151121449
9,9,1.1,80,0,1,0,10,0.977517106549365,NaN,NaN,NaN,NaN,NaN,NaN,0,12.1583944752
10,1,0.9,-20,0,1,1,16,1.56402737047898,2,0.210526315789474,2,0,1,1,1,8.27299296132
10,2,1,-20,0,1,1,21,2.05278592375367,1,0.105263157894737,1,0,1,1,1,6.85542254898
10,3,1.1,-20,0,1,1,21,2.05278592375367,2,0.210526315789474,2,0,1,1,1,5.97187310442
10,4,0.9,25,0,1,1,13,1.27077223851417,0,0,0,0,1,1,1,11.8517932708
10,5,1,25,1,1,1,0,0,0,0,0,0,1,1,1,9.60389301612
10,6,1.1,25,0,1,1,4,0.391006842619746,0,0,0,0,1,1,1,8.23623699206
10,7,0.9,80,0,1,1,13,1.27077223851417,0,0,0,0,1,1,1,17.4216894229
10,8,1,80,0,1,1,6,0.586510263929619,0,0,0,0,1,1,1,13.9882522388
10,9,1.1,80,0,1,1,3,0.293255131964809,0,0,0,0,1,1,1,11.9051311192
11,1,0.9,-20,0,1,1,12,1.17302052785924,0,0,0,0,1,1,1,8.26482975292
11,2,1,-20,0,1,1,21,2.05278592375367,2,0.210526315789474,2,0,1,1,1,6.85777889801
11,3,1.1,-20,0,1,1,19,1.85728250244379,3,0.315789473684211,3,0,1,1,1,5.98332534597
11,4,0.9,25,0,1,1,13,1.27077223851417,1,0.105263157894737,1,0,1,1,1,11.8143589076
11,5,1,25,1,1,1,0,0,0,0,0,0,1,1,1,9.59165725176
11,6,1.1,25,0,1,1,4,0.391006842619746,0,0,0,0,1,1,1,8.23186921215
11,7,0.9,80,0,1,1,14,1.36852394916911,1,0.105263157894737,1,0,1,1,1,17.3616147704
11,8,1,80,0,1,1,8,0.782013685239492,0,0,0,0,1,1,1,13.9690430376
11,9,1.1,80,0,1,1,10,0.977517106549365,0,0,0,0,1,1,1,11.8998129014
12,1,0.9,-20,0,1,1,8,0.782013685239492,0,0,0,0,1,1,1,8.19203701703
12,2,1,-20,0,1,1,22,2.1505376344086,5,0.526315789473684,5,0,1,1,1,6.82095428132
12,3,1.1,-20,0,1,1,28,2.73704789833822,8,0.842105263157895,8,0,1,1,1,5.96303120628
12,4,0.9,25,0,1,1,6,0.586510263929619,0,0,0,0,1,1,1,11.6580843676
12,5,1,25,1,1,1,0,0,0,0,0,0,1,1,1,9.51070960139
12,6,1.1,25,0,1,1,7,0.684261974584555,0,0,0,0,1,1,1,8.18120508089
12,7,0.9,80,0,1,1,8,0.782013685239492,0,0,0,0,1,1,1,17.083007137
12,8,1,80,0,1,1,6,0.586510263929619,0,0,0,0,1,1,1,13.8143990534
12,9,1.1,80,0,1,1,9,0.879765395894428,0,0,0,0,1,1,1,11.8002789652
13,1,0.9,-20,0,1,0,14,1.36852394916911,NaN,NaN,NaN,NaN,NaN,NaN,0,8.33205313612
13,2,1,-20,0,1,0,31,3.03030303030303,NaN,NaN,NaN,NaN,NaN,NaN,0,6.9331582115
13,3,1.1,-20,0,1,0,34,3.32355816226784,NaN,NaN,NaN,NaN,NaN,NaN,0,6.0337778378
13,4,0.9,25,0,1,0,8,0.782013685239492,NaN,NaN,NaN,NaN,NaN,NaN,0,11.9587142411
13,5,1,25,1,1,0,0,0,NaN,NaN,NaN,NaN,NaN,NaN,0,9.70829010336
13,6,1.1,25,0,1,0,6,0.586510263929619,NaN,NaN,NaN,NaN,NaN,NaN,0,8.32563781704
13,7,0.9,80,0,1,0,11,1.0752688172043,NaN,NaN,NaN,NaN,NaN,NaN,0,17.6125826758
13,8,1,80,0,1,0,7,0.684261974584555,NaN,NaN,NaN,NaN,NaN,NaN,0,14.1729101784
13,9,1.1,80,0,1,0,9,0.879765395894428,NaN,NaN,NaN,NaN,NaN,NaN,0,12.0658034288
14,1,0.9,-20,0,1,1,10,0.977517106549365,0,0,0,0,1,1,1,8.58224826404
14,2,1,-20,0,1,1,21,2.05278592375367,1,0.105263157894737,1,0,1,1,1,7.04764321183
14,3,1.1,-20,0,1,1,23,2.24828934506354,0,0,0,0,1,1,1,6.12277390243
14,4,0.9,25,0,1,1,7,0.684261974584555,0,0,0,0,1,1,1,12.4237895015
14,5,1,25,1,1,1,0,0,0,0,0,0,1,1,1,9.9612422071
14,6,1.1,25,0,1,1,5,0.488758553274682,0,0,0,0,1,1,1,8.48874343994
14,7,0.9,80,0,1,1,9,0.879765395894428,0,0,0,0,1,1,1,18.393203253
14,8,1,80,0,1,1,6,0.586510263929619,0,0,0,0,1,1,1,14.6086257233
14,9,1.1,80,0,1,1,4,0.391006842619746,0,0,0,0,1,1,1,12.3468387208
15,1,0.9,-20,0,1,0,19,1.85728250244379,NaN,NaN,NaN,NaN,NaN,NaN,0,8.42181930308
15,2,1,-20,0,1,0,16,1.56402737047898,NaN,NaN,NaN,NaN,NaN,NaN,0,6.96358095345
15,3,1.1,-20,0,1,0,27,2.63929618768328,NaN,NaN,NaN,NaN,NaN,NaN,0,6.06586990969
15,4,0.9,25,0,1,0,15,1.46627565982405,NaN,NaN,NaN,NaN,NaN,NaN,0,12.1232375527
15,5,1,25,1,1,0,0,0,NaN,NaN,NaN,NaN,NaN,NaN,0,9.80169840861
15,6,1.1,25,0,1,0,10,0.977517106549365,NaN,NaN,NaN,NaN,NaN,NaN,0,8.38948380128
15,7,0.9,80,0,1,0,17,1.66177908113392,NaN,NaN,NaN,NaN,NaN,NaN,0,17.88619128
15,8,1,80,0,1,0,10,0.977517106549365,NaN,NaN,NaN,NaN,NaN,NaN,0,14.3301366265
15,9,1.1,80,0,1,0,9,0.879765395894428,NaN,NaN,NaN,NaN,NaN,NaN,0,12.1728976442
16,1,0.9,-20,0,1,0,10,0.977517106549365,NaN,NaN,NaN,NaN,NaN,NaN,0,8.46865755374
16,2,1,-20,0,1,0,29,2.83479960899316,NaN,NaN,NaN,NaN,NaN,NaN,0,6.98240908978
16,3,1.1,-20,0,1,0,33,3.2258064516129,NaN,NaN,NaN,NaN,NaN,NaN,0,6.07732159893
16,4,0.9,25,0,1,0,9,0.879765395894428,NaN,NaN,NaN,NaN,NaN,NaN,0,12.1376801177
16,5,1,25,1,1,0,0,0,NaN,NaN,NaN,NaN,NaN,NaN,0,9.79316886113
16,6,1.1,25,0,1,0,10,0.977517106549365,NaN,NaN,NaN,NaN,NaN,NaN,0,8.37219428239
16,7,0.9,80,0,1,0,12,1.17302052785924,NaN,NaN,NaN,NaN,NaN,NaN,0,17.8758316135
16,8,1,80,0,1,0,4,0.391006842619746,NaN,NaN,NaN,NaN,NaN,NaN,0,14.291841521
16,9,1.1,80,0,1,0,10,0.977517106549365,NaN,NaN,NaN,NaN,NaN,NaN,0,12.1263747618
17,1,0.9,-20,0,1,1,21,2.05278592375367,0,0,0,0,1,1,1,8.28159025375
17,2,1,-20,0,1,1,22,2.1505376344086,1,0.105263157894737,1,0,1,1,1,6.8104478932
17,3,1.1,-20,0,1,1,25,2.44379276637341,2,0.210526315789474,2,0,1,1,1,5.950717855
17,4,0.9,25,0,1,1,17,1.66177908113392,0,0,0,0,1,1,1,11.9548977137
17,5,1,25,1,1,1,0,0,0,0,0,0,1,1,1,9.54186020394
17,6,1.1,25,0,1,1,9,0.879765395894428,0,0,0,0,1,1,1,8.19192065221
17,7,0.9,80,0,1,1,17,1.66177908113392,1,0.105263157894737,1,0,1,1,1,17.5879531898
17,8,1,80,0,1,1,4,0.391006842619746,0,0,0,0,1,1,1,13.9079373564
17,9,1.1,80,0,1,1,7,0.684261974584555,0,0,0,0,1,1,1,11.8437471848
18,1,0.9,-20,0,1,1,16,1.56402737047898,0,0,0,0,1,1,1,8.35885009354
18,2,1,-20,0,1,1,17,1.66177908113392,1,0.105263157894737,1,0,1,1,1,6.93188319183
18,3,1.1,-20,0,1,1,25,2.44379276637341,4,0.421052631578947,4,0,1,1,1,6.0336033582
18,4,0.9,25,0,1,1,5,0.488758553274682,0,0,0,0,1,1,1,11.9521749849
18,5,1,25,1,1,1,0,0,0,0,0,0,1,1,1,9.69446229167
18,6,1.1,25,0,1,1,8,0.782013685239492,0,0,0,0,1,1,1,8.31317772752
18,7,0.9,80,0,1,1,8,0.782013685239492,0,0,0,0,1,1,1,17.5724220791
18,8,1,80,0,1,1,1,0.0977517106549365,0,0,0,0,1,1,1,14.1267292311
18,9,1.1,80,0,1,1,4,0.391006842619746,0,0,0,0,1,1,1,12.0224937944
19,1,0.9,-20,0,1,1,17,1.66177908113392,1,0.105263157894737,1,0,1,1,1,8.38301750039
19,2,1,-20,0,1,1,22,2.1505376344086,1,0.105263157894737,1,0,1,1,1,6.95100495781
19,3,1.1,-20,0,1,1,29,2.83479960899316,3,0.315789473684211,3,0,1,1,1,6.06073513274
19,4,0.9,25,0,1,1,8,0.782013685239492,0,0,0,0,1,1,1,12.0044349882
19,5,1,25,1,1,1,0,0,0,0,0,0,1,1,1,9.74494084489
19,6,1.1,25,0,1,1,10,0.977517106549365,0,0,0,0,1,1,1,8.35664812058
19,7,0.9,80,0,1,1,13,1.27077223851417,2,0.210526315789474,2,0,1,1,1,17.6610034877
19,8,1,80,0,1,1,4,0.391006842619746,0,0,0,0,1,1,1,14.2167053674
19,9,1.1,80,0,1,1,10,0.977517106549365,0,0,0,0,1,1,1,12.1038843853
20,1,0.9,-20,0,1,1,7,0.684261974584555,2,0.210526315789474,2,0,1,1,1,8.43683043788
20,2,1,-20,0,1,1,18,1.75953079178886,2,0.210526315789474,2,0,1,1,1,6.97118854136
20,3,1.1,-20,0,1,1,20,1.95503421309873,2,0.210526315789474,2,0,1,1,1,6.06278666357
20,4,0.9,25,0,1,1,10,0.977517106549365,0,0,0,0,1,1,1,12.0673246099
20,5,1,25,1,1,1,0,0,0,0,0,0,1,1,1,9.74815157871
20,6,1.1,25,0,1,1,5,0.488758553274682,0,0,0,0,1,1,1,8.33967487057
20,7,0.9,80,0,1,1,12,1.17302052785924,0,0,0,0,1,1,1,17.748614887
20,8,1,80,0,1,1,6,0.586510263929619,0,0,0,0,1,1,1,14.2071881437
20,9,1.1,80,0,1,1,6,0.586510263929619,0,0,0,0,1,1,1,12.0647340126
21,1,0.9,-20,0,1,0,15,1.46627565982405,NaN,NaN,NaN,NaN,NaN,NaN,0,8.15524766898
21,2,1,-20,0,1,0,20,1.95503421309873,NaN,NaN,NaN,NaN,NaN,NaN,0,6.81133361076
21,3,1.1,-20,0,1,0,24,2.34604105571848,NaN,NaN,NaN,NaN,NaN,NaN,0,5.95228905577
21,4,0.9,25,0,1,0,14,1.36852394916911,NaN,NaN,NaN,NaN,NaN,NaN,0,11.5773882504
21,5,1,25,1,1,0,0,0,NaN,NaN,NaN,NaN,NaN,NaN,0,9.47309469687
21,6,1.1,25,0,1,0,10,0.977517106549365,NaN,NaN,NaN,NaN,NaN,NaN,0,8.16121632312
21,7,0.9,80,0,1,0,17,1.66177908113392,NaN,NaN,NaN,NaN,NaN,NaN,0,16.9410074226
21,8,1,80,0,1,0,6,0.586510263929619,NaN,NaN,NaN,NaN,NaN,NaN,0,13.7469963589
21,9,1.1,80,0,1,0,7,0.684261974584555,NaN,NaN,NaN,NaN,NaN,NaN,0,11.7625403912
22,1,0.9,-20,0,1,0,13,1.27077223851417,NaN,NaN,NaN,NaN,NaN,NaN,0,8.2912109857
22,2,1,-20,0,1,0,14,1.36852394916911,NaN,NaN,NaN,NaN,NaN,NaN,0,6.89124909979
22,3,1.1,-20,0,1,0,24,2.34604105571848,NaN,NaN,NaN,NaN,NaN,NaN,0,6.0181534597
22,4,0.9,25,0,1,0,16,1.56402737047898,NaN,NaN,NaN,NaN,NaN,NaN,0,11.8073017856
22,5,1,25,1,1,0,0,0,NaN,NaN,NaN,NaN,NaN,NaN,0,9.6110413241
22,6,1.1,25,0,1,0,6,0.586510263929619,NaN,NaN,NaN,NaN,NaN,NaN,0,8.25687053022
22,7,0.9,80,0,1,0,19,1.85728250244379,NaN,NaN,NaN,NaN,NaN,NaN,0,17.3239258749
22,8,1,80,0,1,0,7,0.684261974584555,NaN,NaN,NaN,NaN,NaN,NaN,0,13.9820680147
22,9,1.1,80,0,1,0,8,0.782013685239492,NaN,NaN,NaN,NaN,NaN,NaN,0,11.9275873469
23,1,0.9,-20,0,1,1,13,1.27077223851417,0,0,0,0,1,1,1,8.18640304834
23,2,1,-20,0,1,1,22,2.1505376344086,2,0.210526315789474,2,0,1,1,1,6.81025334404
23,3,1.1,-20,0,1,1,31,3.03030303030303,5,0.526315789473684,5,0,1,1,1,5.95232798398
23,4,0.9,25,0,1,1,18,1.75953079178886,2,0.210526315789474,2,0,1,1,1,11.6988835754
23,5,1,25,1,1,1,0,0,0,0,0,0,1,1,1,9.52607030851
23,6,1.1,25,0,1,1,12,1.17302052785924,0,0,0,0,1,1,1,8.19004569237
23,7,0.9,80,0,1,1,22,2.1505376344086,3,0.315789473684211,3,0,1,1,1,17.1749328288
23,8,1,80,0,1,1,6,0.586510263929619,0,0,0,0,1,1,1,13.8579210126
23,9,1.1,80,0,1,1,6,0.586510263929619,0,0,0,0,1,1,1,11.8280723898
24,1,0.9,-20,0,1,0,11,1.0752688172043,NaN,NaN,NaN,NaN,NaN,NaN,0,8.13668793363
24,2,1,-20,0,1,0,16,1.56402737047898,NaN,NaN,NaN,NaN,NaN,NaN,0,6.77983607676
24,3,1.1,-20,0,1,0,26,2.54154447702835,NaN,NaN,NaN,NaN,NaN,NaN,0,5.94224179043
24,4,0.9,25,0,1,0,12,1.17302052785924,NaN,NaN,NaN,NaN,NaN,NaN,0,11.6018038274
24,5,1,25,1,1,0,0,0,NaN,NaN,NaN,NaN,NaN,NaN,0,9.41622579727
24,6,1.1,25,0,1,0,9,0.879765395894428,NaN,NaN,NaN,NaN,NaN,NaN,0,8.11600699753
24,7,0.9,80,0,1,0,16,1.56402737047898,NaN,NaN,NaN,NaN,NaN,NaN,0,16.989451427
24,8,1,80,0,1,0,4,0.391006842619746,NaN,NaN,NaN,NaN,NaN,NaN,0,13.6407986557
24,9,1.1,80,0,1,0,6,0.586510263929619,NaN,NaN,NaN,NaN,NaN,NaN,0,11.6759431899
25,1,0.9,-20,0,1,0,15,1.46627565982405,NaN,NaN,NaN,NaN,NaN,NaN,0,8.47012131708
25,2,1,-20,0,1,0,21,2.05278592375367,NaN,NaN,NaN,NaN,NaN,NaN,0,7.00787780431
25,3,1.1,-20,0,1,0,27,2.63929618768328,NaN,NaN,NaN,NaN,NaN,NaN,0,6.10643502802
25,4,0.9,25,0,1,0,9,0.879765395894428,NaN,NaN,NaN,NaN,NaN,NaN,0,12.155846153
25,5,1,25,1,1,0,0,0,NaN,NaN,NaN,NaN,NaN,NaN,0,9.84466952948
25,6,1.1,25,0,1,0,8,0.782013685239492,NaN,NaN,NaN,NaN,NaN,NaN,0,8.42560254305
25,7,0.9,80,0,1,0,16,1.56402737047898,NaN,NaN,NaN,NaN,NaN,NaN,0,17.9334456146
25,8,1,80,0,1,0,9,0.879765395894428,NaN,NaN,NaN,NaN,NaN,NaN,0,14.3989572009
25,9,1.1,80,0,1,0,10,0.977517106549365,NaN,NaN,NaN,NaN,NaN,NaN,0,12.2342330898
26,1,0.9,-20,0,1,0,11,1.0752688172043,NaN,NaN,NaN,NaN,NaN,NaN,0,8.29700021327
26,2,1,-20,0,1,0,21,2.05278592375367,NaN,NaN,NaN,NaN,NaN,NaN,0,6.84748384311
26,3,1.1,-20,0,1,0,32,3.12805474095797,NaN,NaN,NaN,NaN,NaN,NaN,0,5.96244874562
26,4,0.9,25,0,1,0,10,0.977517106549365,NaN,NaN,NaN,NaN,NaN,NaN,0,11.9510132549
26,5,1,25,1,1,0,0,0,NaN,NaN,NaN,NaN,NaN,NaN,0,9.61999221122
26,6,1.1,25,0,1,0,8,0.782013685239492,NaN,NaN,NaN,NaN,NaN,NaN,0,8.22988333226
26,7,0.9,80,0,1,0,10,0.977517106549365,NaN,NaN,NaN,NaN,NaN,NaN,0,17.5982769205
26,8,1,80,0,1,0,5,0.488758553274682,NaN,NaN,NaN,NaN,NaN,NaN,0,14.0237613094
26,9,1.1,80,0,1,0,9,0.879765395894428,NaN,NaN,NaN,NaN,NaN,NaN,0,11.8994460859
27,1,0.9,-20,0,1,0,16,1.56402737047898,NaN,NaN,NaN,NaN,NaN,NaN,0,8.32275646988
27,2,1,-20,0,1,0,16,1.56402737047898,NaN,NaN,NaN,NaN,NaN,NaN,0,6.86771276759
27,3,1.1,-20,0,1,0,32,3.12805474095797,NaN,NaN,NaN,NaN,NaN,NaN,0,5.9940562961
27,4,0.9,25,0,1,0,15,1.46627565982405,NaN,NaN,NaN,NaN,NaN,NaN,0,11.992683001
27,5,1,25,1,1,0,0,0,NaN,NaN,NaN,NaN,NaN,NaN,0,9.64410466178
27,6,1.1,25,0,1,0,10,0.977517106549365,NaN,NaN,NaN,NaN,NaN,NaN,0,8.24587881059
27,7,0.9,80,0,1,0,17,1.66177908113392,NaN,NaN,NaN,NaN,NaN,NaN,0,17.7054157308
27,8,1,80,0,1,0,10,0.977517106549365,NaN,NaN,NaN,NaN,NaN,NaN,0,14.0859043818
27,9,1.1,80,0,1,0,11,1.0752688172043,NaN,NaN,NaN,NaN,NaN,NaN,0,11.9415993578
28,1,0.9,-20,0,1,1,9,0.879765395894428,0,0,0,0,1,1,1,8.58603729236
28,2,1,-20,0,1,1,14,1.36852394916911,0,0,0,0,1,1,1,7.01197172719
28,3,1.1,-20,0,1,1,20,1.95503421309873,4,0.421052631578947,4,0,1,1,1,6.07802638673
28,4,0.9,25,0,1,1,16,1.56402737047898,1,0.105263157894737,1,0,1,1,1,12.5298906484
28,5,1,25,1,1,1,0,0,0,0,0,0,1,1,1,9.96093287152
28,6,1.1,25,0,1,1,6,0.586510263929619,0,0,0,0,1,1,1,8.45984404137
28,7,0.9,80,0,1,1,20,1.95503421309873,1,0.105263157894737,1,0,1,1,1,18.5879983039
28,8,1,80,0,1,1,10,0.977517106549365,0,0,0,0,1,1,1,14.6226269321
28,9,1.1,80,0,1,1,8,0.782013685239492,0,0,0,0,1,1,1,12.3108636702
29,1,0.9,-20,0,1,1,18,1.75953079178886,0,0,0,0,1,1,1,8.28298576191
29,2,1,-20,0,1,1,29,2.83479960899316,2,0.210526315789474,2,0,1,1,1,6.88007855322
29,3,1.1,-20,0,1,1,31,3.03030303030303,5,0.526315789473684,5,0,1,1,1,6.00975332785
29,4,0.9,25,0,1,1,10,0.977517106549365,1,0.105263157894737,1,0,1,1,1,11.822865146
29,5,1,25,1,1,1,0,0,0,0,0,0,1,1,1,9.61656384985
29,6,1.1,25,0,1,1,3,0.293255131964809,0,0,0,0,1,1,1,8.25998877184
29,7,0.9,80,0,1,1,12,1.17302052785924,1,0.105263157894737,1,0,1,1,1,17.3567990632
29,8,1,80,0,1,1,5,0.488758553274682,0,0,0,0,1,1,1,13.997156591
29,9,1.1,80,0,1,1,4,0.391006842619746,0,0,0,0,1,1,1,11.9368183946
30,1,0.9,-20,0,1,1,11,1.0752688172043,0,0,0,0,1,1,1,8.210105819
30,2,1,-20,0,1,1,19,1.85728250244379,1,0.105263157894737,1,0,1,1,1,6.88354369145
30,3,1.1,-20,0,1,1,29,2.83479960899316,7,0.736842105263158,7,0,1,1,1,6.00400246398
30,4,0.9,25,0,1,1,11,1.0752688172043,2,0.210526315789474,2,0,1,1,1,11.7274909092
30,5,1,25,1,1,1,0,0,0,0,0,0,1,1,1,9.51714343297
30,6,1.1,25,0,1,1,7,0.684261974584555,0,0,0,0,1,1,1,8.25163085506
30,7,0.9,80,0,1,1,13,1.27077223851417,2,0.210526315789474,2,0,1,1,1,17.2254652947
30,8,1,80,0,1,1,6,0.586510263929619,0,0,0,0,1,1,1,13.8530600686
30,9,1.1,80,0,1,1,9,0.879765395894428,0,0,0,0,1,1,1,11.8052029805
31,1,0.9,-20,0,1,0,15,1.46627565982405,NaN,NaN,NaN,NaN,NaN,NaN,0,8.13639083924
31,2,1,-20,0,1,0,19,1.85728250244379,NaN,NaN,NaN,NaN,NaN,NaN,0,6.78425817443
31,3,1.1,-20,0,1,0,31,3.03030303030303,NaN,NaN,NaN,NaN,NaN,NaN,0,5.94958888462
31,4,0.9,25,0,1,0,16,1.56402737047898,NaN,NaN,NaN,NaN,NaN,NaN,0,11.5661123062
31,5,1,25,1,1,0,0,0,NaN,NaN,NaN,NaN,NaN,NaN,0,9.41406432096
31,6,1.1,25,0,1,0,7,0.684261974584555,NaN,NaN,NaN,NaN,NaN,NaN,0,8.10114827523
31,7,0.9,80,0,1,0,19,1.85728250244379,NaN,NaN,NaN,NaN,NaN,NaN,0,16.9200967851
31,8,1,80,0,1,0,9,0.879765395894428,NaN,NaN,NaN,NaN,NaN,NaN,0,13.646505401
31,9,1.1,80,0,1,0,9,0.879765395894428,NaN,NaN,NaN,NaN,NaN,NaN,0,11.6621611728
32,1,0.9,-20,0,1,0,16,1.56402737047898,NaN,NaN,NaN,NaN,NaN,NaN,0,8.23852745354
32,2,1,-20,0,1,0,20,1.95503421309873,NaN,NaN,NaN,NaN,NaN,NaN,0,6.86352144197
32,3,1.1,-20,0,1,0,32,3.12805474095797,NaN,NaN,NaN,NaN,NaN,NaN,0,5.99942588709
32,4,0.9,25,0,1,0,13,1.27077223851417,NaN,NaN,NaN,NaN,NaN,NaN,0,11.7138510914
32,5,1,25,1,1,0,0,0,NaN,NaN,NaN,NaN,NaN,NaN,0,9.5654251581
32,6,1.1,25,0,1,0,8,0.782013685239492,NaN,NaN,NaN,NaN,NaN,NaN,0,8.23020074832
32,7,0.9,80,0,1,0,12,1.17302052785924,NaN,NaN,NaN,NaN,NaN,NaN,0,17.1695617414
32,8,1,80,0,1,0,5,0.488758553274682,NaN,NaN,NaN,NaN,NaN,NaN,0,13.9048936107
32,9,1.1,80,0,1,0,5,0.488758553274682,NaN,NaN,NaN,NaN,NaN,NaN,0,11.8811838075
33,1,0.9,-20,0,1,1,15,1.46627565982405,1,0.105263157894737,1,0,1,1,1,8.19047505113
33,2,1,-20,0,1,1,17,1.66177908113392,0,0,0,0,1,1,1,6.83716350533
33,3,1.1,-20,0,1,1,24,2.34604105571848,3,0.315789473684211,3,0,1,1,1,5.98019180624
33,4,0.9,25,0,1,1,14,1.36852394916911,1,0.105263157894737,1,0,1,1,1,11.6323531851
33,5,1,25,1,1,1,0,0,0,0,0,0,1,1,1,9.52195596174
33,6,1.1,25,0,1,1,7,0.684261974584555,0,0,0,0,1,1,1,8.19947205497
33,7,0.9,80,0,1,1,13,1.27077223851417,1,0.105263157894737,1,0,1,1,1,17.0347113373
33,8,1,80,0,1,1,4,0.391006842619746,0,0,0,0,1,1,1,13.8267773504
33,9,1.1,80,0,1,1,6,0.586510263929619,0,0,0,0,1,1,1,11.8295097151
34,1,0.9,-20,0,1,1,13,1.27077223851417,0,0,0,0,1,1,1,8.55142410645
34,2,1,-20,0,1,1,13,1.27077223851417,1,0.105263157894737,1,0,1,1,1,6.99889629795
34,3,1.1,-20,0,1,1,19,1.85728250244379,2,0.210526315789474,2,0,1,1,1,6.07139546613
34,4,0.9,25,0,1,1,9,0.879765395894428,0,0,0,0,1,1,1,12.4559276341
34,5,1,25,1,1,1,0,0,0,0,0,0,1,1,1,9.91514018078
34,6,1.1,25,0,1,1,7,0.684261974584555,0,0,0,0,1,1,1,8.42589154517
34,7,0.9,80,0,1,1,8,0.782013685239492,0,0,0,0,1,1,1,18.4673765273
34,8,1,80,0,1,1,4,0.391006842619746,0,0,0,0,1,1,1,14.5438861999
34,9,1.1,80,0,1,1,5,0.488758553274682,0,0,0,0,1,1,1,12.2550599484
35,1,0.9,-20,0,1,1,15,1.46627565982405,0,0,0,0,1,1,1,8.24233061132
35,2,1,-20,0,1,1,18,1.75953079178886,1,0.105263157894737,1,0,1,1,1,6.8429017755
35,3,1.1,-20,0,1,1,18,1.75953079178886,2,0.210526315789474,2,0,1,1,1,5.9706947842
35,4,0.9,25,0,1,1,12,1.17302052785924,0,0,0,0,1,1,1,11.7627713065
35,5,1,25,1,1,1,0,0,0,0,0,0,1,1,1,9.55758543981
35,6,1.1,25,0,1,1,7,0.684261974584555,0,0,0,0,1,1,1,8.20970581786
35,7,0.9,80,0,1,1,19,1.85728250244379,0,0,0,0,1,1,1,17.2538372043
35,8,1,80,0,1,1,10,0.977517106549365,0,0,0,0,1,1,1,13.8932010565
35,9,1.1,80,0,1,1,10,0.977517106549365,0,0,0,0,1,1,1,11.84516948
36,1,0.9,-20,0,1,0,21,2.05278592375367,NaN,NaN,NaN,NaN,NaN,NaN,0,8.12491156386
36,2,1,-20,0,1,0,28,2.73704789833822,NaN,NaN,NaN,NaN,NaN,NaN,0,6.74846301223
36,3,1.1,-20,0,1,0,35,3.42130987292278,NaN,NaN,NaN,NaN,NaN,NaN,0,5.92352458381
36,4,0.9,25,0,1,0,16,1.56402737047898,NaN,NaN,NaN,NaN,NaN,NaN,0,11.612205568
36,5,1,25,1,1,0,0,0,NaN,NaN,NaN,NaN,NaN,NaN,0,9.39185659612
36,6,1.1,25,0,1,0,6,0.586510263929619,NaN,NaN,NaN,NaN,NaN,NaN,0,8.09348736617
36,7,0.9,80,0,1,0,23,2.24828934506354,NaN,NaN,NaN,NaN,NaN,NaN,0,17.042173
36,8,1,80,0,1,0,11,1.0752688172043,NaN,NaN,NaN,NaN,NaN,NaN,0,13.6441008242
36,9,1.1,80,0,1,0,11,1.0752688172043,NaN,NaN,NaN,NaN,NaN,NaN,0,11.6503088512
37,1,0.9,-20,0,1,0,16,1.56402737047898,NaN,NaN,NaN,NaN,NaN,NaN,0,8.21062453274
37,2,1,-20,0,1,0,28,2.73704789833822,NaN,NaN,NaN,NaN,NaN,NaN,0,6.82426250703
37,3,1.1,-20,0,1,0,32,3.12805474095797,NaN,NaN,NaN,NaN,NaN,NaN,0,5.95786512026
37,4,0.9,25,0,1,0,14,1.36852394916911,NaN,NaN,NaN,NaN,NaN,NaN,0,11.7391099989
37,5,1,25,1,1,0,0,0,NaN,NaN,NaN,NaN,NaN,NaN,0,9.53980945177
37,6,1.1,25,0,1,0,4,0.391006842619746,NaN,NaN,NaN,NaN,NaN,NaN,0,8.19721150829
37,7,0.9,80,0,1,0,15,1.46627565982405,NaN,NaN,NaN,NaN,NaN,NaN,0,17.2473904801
37,8,1,80,0,1,0,8,0.782013685239492,NaN,NaN,NaN,NaN,NaN,NaN,0,13.8915666403
37,9,1.1,80,0,1,0,9,0.879765395894428,NaN,NaN,NaN,NaN,NaN,NaN,0,11.8458827219
38,1,0.9,-20,0,1,0,17,1.66177908113392,NaN,NaN,NaN,NaN,NaN,NaN,0,8.0701847452
38,2,1,-20,0,1,0,15,1.46627565982405,NaN,NaN,NaN,NaN,NaN,NaN,0,6.74269869467
38,3,1.1,-20,0,1,0,21,2.05278592375367,NaN,NaN,NaN,NaN,NaN,NaN,0,5.89613585286
38,4,0.9,25,0,1,0,22,2.1505376344086,NaN,NaN,NaN,NaN,NaN,NaN,0,11.4849654773
38,5,1,25,1,1,0,0,0,NaN,NaN,NaN,NaN,NaN,NaN,0,9.36990897073
38,6,1.1,25,0,1,0,6,0.586510263929619,NaN,NaN,NaN,NaN,NaN,NaN,0,8.070416644
38,7,0.9,80,0,1,0,26,2.54154447702835,NaN,NaN,NaN,NaN,NaN,NaN,0,16.8185016017
38,8,1,80,0,1,0,5,0.488758553274682,NaN,NaN,NaN,NaN,NaN,NaN,0,13.6013887055
38,9,1.1,80,0,1,0,10,0.977517106549365,NaN,NaN,NaN,NaN,NaN,NaN,0,11.6292793099
39,1,0.9,-20,0,1,0,16,1.56402737047898,NaN,NaN,NaN,NaN,NaN,NaN,0,8.08312967903
39,2,1,-20,0,1,0,29,2.83479960899316,NaN,NaN,NaN,NaN,NaN,NaN,0,6.7394873831
39,3,1.1,-20,0,1,0,28,2.73704789833822,NaN,NaN,NaN,NaN,NaN,NaN,0,5.90381263775
39,4,0.9,25,0,1,0,13,1.27077223851417,NaN,NaN,NaN,NaN,NaN,NaN,0,11.4869029685
39,5,1,25,1,1,0,0,0,NaN,NaN,NaN,NaN,NaN,NaN,0,9.37660980878
39,6,1.1,25,0,1,0,8,0.782013685239492,NaN,NaN,NaN,NaN,NaN,NaN,0,8.07883379347
39,7,0.9,80,0,1,0,15,1.46627565982405,NaN,NaN,NaN,NaN,NaN,NaN,0,16.7977786685
39,8,1,80,0,1,0,10,0.977517106549365,NaN,NaN,NaN,NaN,NaN,NaN,0,13.5925845833
39,9,1.1,80,0,1,0,12,1.17302052785924,NaN,NaN,NaN,NaN,NaN,NaN,0,11.6258804046
40,1,0.9,-20,0,1,0,11,1.0752688172043,NaN,NaN,NaN,NaN,NaN,NaN,0,8.23519737303
40,2,1,-20,0,1,0,22,2.1505376344086,NaN,NaN,NaN,NaN,NaN,NaN,0,6.83389553632
40,3,1.1,-20,0,1,0,23,2.24828934506354,NaN,NaN,NaN,NaN,NaN,NaN,0,5.96099983584
40,4,0.9,25,0,1,0,11,1.0752688172043,NaN,NaN,NaN,NaN,NaN,NaN,0,11.7917039893
40,5,1,25,1,1,0,0,0,NaN,NaN,NaN,NaN,NaN,NaN,0,9.56711813084
40,6,1.1,25,0,1,0,7,0.684261974584555,NaN,NaN,NaN,NaN,NaN,NaN,0,8.21053448766
40,7,0.9,80,0,1,0,11,1.0752688172043,NaN,NaN,NaN,NaN,NaN,NaN,0,17.3180078815
40,8,1,80,0,1,0,6,0.586510263929619,NaN,NaN,NaN,NaN,NaN,NaN,0,13.9245422741
40,9,1.1,80,0,1,0,9,0.879765395894428,NaN,NaN,NaN,NaN,NaN,NaN,0,11.8605271154
41,1,0.9,-20,0,1,0,20,1.95503421309873,NaN,NaN,NaN,NaN,NaN,NaN,0,8.07129742341
41,2,1,-20,0,1,0,29,2.83479960899316,NaN,NaN,NaN,NaN,NaN,NaN,0,6.74988751941
41,3,1.1,-20,0,1,0,30,2.93255131964809,NaN,NaN,NaN,NaN,NaN,NaN,0,5.9115049835
41,4,0.9,25,0,1,0,12,1.17302052785924,NaN,NaN,NaN,NaN,NaN,NaN,0,11.413804331
41,5,1,25,1,1,0,0,0,NaN,NaN,NaN,NaN,NaN,NaN,0,9.34242220348
41,6,1.1,25,0,1,0,10,0.977517106549365,NaN,NaN,NaN,NaN,NaN,NaN,0,8.06089595398
41,7,0.9,80,0,1,0,13,1.27077223851417,NaN,NaN,NaN,NaN,NaN,NaN,0,16.6514494751
41,8,1,80,0,1,0,5,0.488758553274682,NaN,NaN,NaN,NaN,NaN,NaN,0,13.5163054373
41,9,1.1,80,0,1,0,6,0.586510263929619,NaN,NaN,NaN,NaN,NaN,NaN,0,11.5791182338
42,1,0.9,-20,0,1,1,14,1.36852394916911,0,0,0,0,1,1,1,8.21063035597
42,2,1,-20,0,1,1,22,2.1505376344086,1,0.105263157894737,1,0,1,1,1,6.83669888637
42,3,1.1,-20,0,1,1,24,2.34604105571848,4,0.421052631578947,4,0,1,1,1,5.95634600463
42,4,0.9,25,0,1,1,9,0.879765395894428,1,0.105263157894737,1,0,1,1,1,11.6826825971
42,5,1,25,1,1,1,0,0,0,0,0,0,1,1,1,9.51641616942
42,6,1.1,25,0,1,1,7,0.684261974584555,0,0,0,0,1,1,1,8.18245275024
42,7,0.9,80,0,1,1,11,1.0752688172043,1,0.105263157894737,1,0,1,1,1,17.1244769472
42,8,1,80,0,1,1,6,0.586510263929619,0,0,0,0,1,1,1,13.8302827483
42,9,1.1,80,0,1,1,9,0.879765395894428,0,0,0,0,1,1,1,11.8055011742
43,1,0.9,-20,0,1,0,18,1.75953079178886,NaN,NaN,NaN,NaN,NaN,NaN,0,8.15853922791
43,2,1,-20,0,1,0,25,2.44379276637341,NaN,NaN,NaN,NaN,NaN,NaN,0,6.80473319191
43,3,1.1,-20,0,1,0,34,3.32355816226784,NaN,NaN,NaN,NaN,NaN,NaN,0,5.95626764792
43,4,0.9,25,0,1,0,15,1.46627565982405,NaN,NaN,NaN,NaN,NaN,NaN,0,11.6090204142
43,5,1,25,1,1,0,0,0,NaN,NaN,NaN,NaN,NaN,NaN,0,9.48512350432
43,6,1.1,25,0,1,0,7,0.684261974584555,NaN,NaN,NaN,NaN,NaN,NaN,0,8.16937181112
43,7,0.9,80,0,1,0,15,1.46627565982405,NaN,NaN,NaN,NaN,NaN,NaN,0,17.0088694349
43,8,1,80,0,1,0,9,0.879765395894428,NaN,NaN,NaN,NaN,NaN,NaN,0,13.7772688057
43,9,1.1,80,0,1,0,5,0.488758553274682,NaN,NaN,NaN,NaN,NaN,NaN,0,11.7820458147
44,1,0.9,-20,0,1,0,20,1.95503421309873,NaN,NaN,NaN,NaN,NaN,NaN,0,8.19548154288
44,2,1,-20,0,1,0,28,2.73704789833822,NaN,NaN,NaN,NaN,NaN,NaN,0,6.81204195434
44,3,1.1,-20,0,1,0,24,2.34604105571848,NaN,NaN,NaN,NaN,NaN,NaN,0,5.94566846692
44,4,0.9,25,0,1,0,12,1.17302052785924,NaN,NaN,NaN,NaN,NaN,NaN,0,11.6429047381
44,5,1,25,1,1,0,0,0,NaN,NaN,NaN,NaN,NaN,NaN,0,9.48076822049
44,6,1.1,25,0,1,0,7,0.684261974584555,NaN,NaN,NaN,NaN,NaN,NaN,0,8.15240440812
44,7,0.9,80,0,1,0,16,1.56402737047898,NaN,NaN,NaN,NaN,NaN,NaN,0,17.0461553808
44,8,1,80,0,1,0,7,0.684261974584555,NaN,NaN,NaN,NaN,NaN,NaN,0,13.758349743
44,9,1.1,80,0,1,0,8,0.782013685239492,NaN,NaN,NaN,NaN,NaN,NaN,0,11.7466459505
45,1,0.9,-20,0,1,1,9,0.879765395894428,0,0,0,0,1,1,1,8.62974623272
45,2,1,-20,0,1,1,19,1.85728250244379,1,0.105263157894737,1,0,1,1,1,7.09199827609
45,3,1.1,-20,0,1,1,20,1.95503421309873,2,0.210526315789474,2,0,1,1,1,6.15381021378
45,4,0.9,25,0,1,1,12,1.17302052785924,0,0,0,0,1,1,1,12.512393554
45,5,1,25,1,1,1,0,0,0,0,0,0,1,1,1,10.0193176767
45,6,1.1,25,0,1,1,6,0.586510263929619,0,0,0,0,1,1,1,8.5295367532
45,7,0.9,80,0,1,1,15,1.46627565982405,0,0,0,0,1,1,1,18.549079049
45,8,1,80,0,1,1,7,0.684261974584555,0,0,0,0,1,1,1,14.708091976
45,9,1.1,80,0,1,1,7,0.684261974584555,0,0,0,0,1,1,1,12.4203042466
46,1,0.9,-20,0,1,1,11,1.0752688172043,0,0,0,0,1,1,1,8.39410408623
46,2,1,-20,0,1,1,11,1.0752688172043,1,0.105263157894737,1,0,1,1,1,6.93841888829
46,3,1.1,-20,0,1,1,17,1.66177908113392,1,0.105263157894737,1,0,1,1,1,6.02886413588
46,4,0.9,25,0,1,1,6,0.586510263929619,0,0,0,0,1,1,1,12.0531782634
46,5,1,25,1,1,1,0,0,0,0,0,0,1,1,1,9.71574159706
46,6,1.1,25,0,1,1,2,0.195503421309873,0,0,0,0,1,1,1,8.30500170557
46,7,0.9,80,0,1,1,12,1.17302052785924,2,0.210526315789474,2,0,1,1,1,17.7663357258
46,8,1,80,0,1,1,4,0.391006842619746,0,0,0,0,1,1,1,14.1785093651
46,9,1.1,80,0,1,1,1,0.0977517106549365,0,0,0,0,1,1,1,12.0255539508
47,1,0.9,-20,0,1,1,9,0.879765395894428,0,0,0,0,1,1,1,8.13371931415
47,2,1,-20,0,1,1,20,1.95503421309873,1,0.105263157894737,1,0,1,1,1,6.78676981492
47,3,1.1,-20,0,1,1,24,2.34604105571848,4,0.421052631578947,4,0,1,1,1,5.94755323046
47,4,0.9,25,0,1,1,10,0.977517106549365,0,0,0,0,1,1,1,11.5534866695
47,5,1,25,1,1,1,0,0,0,0,0,0,1,1,1,9.44718836962
47,6,1.1,25,0,1,1,9,0.879765395894428,0,0,0,0,1,1,1,8.13818066458
47,7,0.9,80,0,1,1,14,1.36852394916911,1,0.105263157894737,1,0,1,1,1,16.9208158484
47,8,1,80,0,1,1,6,0.586510263929619,0,0,0,0,1,1,1,13.7187473118
47,9,1.1,80,0,1,1,12,1.17302052785924,0,0,0,0,1,1,1,11.7348060574
48,1,0.9,-20,0,1,1,14,1.36852394916911,1,0.105263157894737,1,0,1,1,1,8.30433961388
48,2,1,-20,0,1,1,15,1.46627565982405,0,0,0,0,1,1,1,6.91750587244
48,3,1.1,-20,0,1,1,22,2.1505376344086,1,0.105263157894737,1,0,1,1,1,6.03571334639
48,4,0.9,25,0,1,1,8,0.782013685239492,0,0,0,0,1,1,1,11.8330686494
48,5,1,25,1,1,1,0,0,0,0,0,0,1,1,1,9.63453450223
48,6,1.1,25,0,1,1,7,0.684261974584555,0,0,0,0,1,1,1,8.2816175567
48,7,0.9,80,0,1,1,9,0.879765395894428,0,0,0,0,1,1,1,17.3833804211
48,8,1,80,0,1,1,3,0.293255131964809,0,0,0,0,1,1,1,14.0205296947
48,9,1.1,80,0,1,1,5,0.488758553274682,0,0,0,0,1,1,1,11.9691710764
49,1,0.9,-20,0,1,0,18,1.75953079178886,NaN,NaN,NaN,NaN,NaN,NaN,0,8.18541626475
49,2,1,-20,0,1,0,27,2.63929618768328,NaN,NaN,NaN,NaN,NaN,NaN,0,6.79005853316
49,3,1.1,-20,0,1,0,33,3.2258064516129,NaN,NaN,NaN,NaN,NaN,NaN,0,5.94884338503
49,4,0.9,25,0,1,0,13,1.27077223851417,NaN,NaN,NaN,NaN,NaN,NaN,0,11.7050883579
49,5,1,25,1,1,0,0,0,NaN,NaN,NaN,NaN,NaN,NaN,0,9.49283236454
49,6,1.1,25,0,1,0,10,0.977517106549365,NaN,NaN,NaN,NaN,NaN,NaN,0,8.15073955977
49,7,0.9,80,0,1,0,19,1.85728250244379,NaN,NaN,NaN,NaN,NaN,NaN,0,17.1576182932
49,8,1,80,0,1,0,9,0.879765395894428,NaN,NaN,NaN,NaN,NaN,NaN,0,13.7880071387
49,9,1.1,80,0,1,0,10,0.977517106549365,NaN,NaN,NaN,NaN,NaN,NaN,0,11.7505012006
50,1,0.9,-20,0,1,0,21,2.05278592375367,NaN,NaN,NaN,NaN,NaN,NaN,0,8.11116789482
50,2,1,-20,0,1,0,21,2.05278592375367,NaN,NaN,NaN,NaN,NaN,NaN,0,6.74507109245
50,3,1.1,-20,0,1,0,24,2.34604105571848,NaN,NaN,NaN,NaN,NaN,NaN,0,5.91923457785
50,4,0.9,25,0,1,0,21,2.05278592375367,NaN,NaN,NaN,NaN,NaN,NaN,0,11.5139932239
50,5,1,25,1,1,0,0,0,NaN,NaN,NaN,NaN,NaN,NaN,0,9.39790432177
50,6,1.1,25,0,1,0,7,0.684261974584555,NaN,NaN,NaN,NaN,NaN,NaN,0,8.09522333066
50,7,0.9,80,0,1,0,26,2.54154447702835,NaN,NaN,NaN,NaN,NaN,NaN,0,16.8307823112
50,8,1,80,0,1,0,16,1.56402737047898,NaN,NaN,NaN,NaN,NaN,NaN,0,13.6184089702
50,9,1.1,80,0,1,0,9,0.879765395894428,NaN,NaN,NaN,NaN,NaN,NaN,0,11.6461753456
51,1,0.9,-20,0,1,1,14,1.36852394916911,2,0.210526315789474,2,0,1,1,1,8.28722093891
51,2,1,-20,0,1,1,15,1.46627565982405,2,0.210526315789474,2,0,1,1,1,6.8771591288
51,3,1.1,-20,0,1,1,30,2.93255131964809,6,0.631578947368421,6,0,1,1,1,5.99992267977
51,4,0.9,25,0,1,1,12,1.17302052785924,0,0,0,0,1,1,1,11.8448094896
51,5,1,25,1,1,1,0,0,0,0,0,0,1,1,1,9.62091987204
51,6,1.1,25,0,1,1,8,0.782013685239492,0,0,0,0,1,1,1,8.25793721607
51,7,0.9,80,0,1,1,16,1.56402737047898,0,0,0,0,1,1,1,17.4091404069
51,8,1,80,0,1,1,6,0.586510263929619,0,0,0,0,1,1,1,14.0156776635
51,9,1.1,80,0,1,1,6,0.586510263929619,0,0,0,0,1,1,1,11.9413380088
52,1,0.9,-20,0,1,1,10,0.977517106549365,0,0,0,0,1,1,1,8.34370458735
52,2,1,-20,0,1,1,14,1.36852394916911,0,0,0,0,1,1,1,6.91183591532
52,3,1.1,-20,0,1,1,22,2.1505376344086,1,0.105263157894737,1,0,1,1,1,6.02155564418
52,4,0.9,25,0,1,1,10,0.977517106549365,0,0,0,0,1,1,1,11.9314105672
52,5,1,25,1,1,1,0,0,0,0,0,0,1,1,1,9.66468766008
52,6,1.1,25,0,1,1,9,0.879765395894428,0,0,0,0,1,1,1,8.28644510938
52,7,0.9,80,0,1,1,9,0.879765395894428,0,0,0,0,1,1,1,17.5396045402
52,8,1,80,0,1,1,5,0.488758553274682,0,0,0,0,1,1,1,14.0781666551
52,9,1.1,80,0,1,1,8,0.782013685239492,0,0,0,0,1,1,1,11.9798110134
53,1,0.9,-20,0,1,1,17,1.66177908113392,0,0,0,0,1,1,1,8.14230638077
53,2,1,-20,0,1,1,22,2.1505376344086,2,0.210526315789474,2,0,1,1,1,6.78816482936
53,3,1.1,-20,0,1,1,25,2.44379276637341,4,0.421052631578947,4,0,1,1,1,5.95504110984
53,4,0.9,25,0,1,1,11,1.0752688172043,1,0.105263157894737,1,0,1,1,1,11.5887333193
53,5,1,25,1,1,1,0,0,0,0,0,0,1,1,1,9.44843495282
53,6,1.1,25,0,1,1,12,1.17302052785924,0,0,0,0,1,1,1,8.14120296985
53,7,0.9,80,0,1,1,12,1.17302052785924,2,0.210526315789474,2,0,1,1,1,16.9521884964
53,8,1,80,0,1,1,6,0.586510263929619,0,0,0,0,1,1,1,13.7140569375
53,9,1.1,80,0,1,1,10,0.977517106549365,0,0,0,0,1,1,1,11.7372101664
54,1,0.9,-20,0,1,1,12,1.17302052785924,0,0,0,0,1,1,1,8.52594467575
54,2,1,-20,0,1,1,23,2.24828934506354,2,0.210526315789474,2,0,1,1,1,7.00906867222
54,3,1.1,-20,0,1,1,27,2.63929618768328,5,0.526315789473684,5,0,1,1,1,6.08400496273
54,4,0.9,25,0,1,1,11,1.0752688172043,0,0,0,0,1,1,1,12.3282742072
54,5,1,25,1,1,1,0,0,0,0,0,0,1,1,1,9.88367415395
54,6,1.1,25,0,1,1,9,0.879765395894428,0,0,0,0,1,1,1,8.42303204912
54,7,0.9,80,0,1,1,11,1.0752688172043,0,0,0,0,1,1,1,18.2462755099
54,8,1,80,0,1,1,9,0.879765395894428,0,0,0,0,1,1,1,14.4815700251
54,9,1.1,80,0,1,1,8,0.782013685239492,0,0,0,0,1,1,1,12.2402668373
55,1,0.9,-20,0,1,0,11,1.0752688172043,NaN,NaN,NaN,NaN,NaN,NaN,0,8.18985293381
55,2,1,-20,0,1,0,23,2.24828934506354,NaN,NaN,NaN,NaN,NaN,NaN,0,6.81284795627
55,3,1.1,-20,0,1,0,23,2.24828934506354,NaN,NaN,NaN,NaN,NaN,NaN,0,5.95611534758
55,4,0.9,25,0,1,0,14,1.36852394916911,NaN,NaN,NaN,NaN,NaN,NaN,0,11.6436486483
55,5,1,25,1,1,0,0,0,NaN,NaN,NaN,NaN,NaN,NaN,0,9.48547027536
55,6,1.1,25,0,1,0,5,0.488758553274682,NaN,NaN,NaN,NaN,NaN,NaN,0,8.15816080118
55,7,0.9,80,0,1,0,17,1.66177908113392,NaN,NaN,NaN,NaN,NaN,NaN,0,17.0489596483
55,8,1,80,0,1,0,5,0.488758553274682,NaN,NaN,NaN,NaN,NaN,NaN,0,13.7675049093
55,9,1.1,80,0,1,0,2,0.195503421309873,NaN,NaN,NaN,NaN,NaN,NaN,0,11.7564691467
56,1,0.9,-20,0,1,1,17,1.66177908113392,0,0,0,0,1,1,1,8.49041650871
56,2,1,-20,0,1,1,19,1.85728250244379,0,0,0,0,1,1,1,6.96051641253
56,3,1.1,-20,0,1,1,32,3.12805474095797,4,0.421052631578947,4,0,1,1,1,6.04708122651
56,4,0.9,25,0,1,1,12,1.17302052785924,0,0,0,0,1,1,1,12.27059094
56,5,1,25,1,1,1,0,0,0,0,0,0,1,1,1,9.82378383999
56,6,1.1,25,0,1,1,7,0.684261974584555,0,0,0,0,1,1,1,8.3739679046
56,7,0.9,80,0,1,1,14,1.36852394916911,0,0,0,0,1,1,1,18.129997444
56,8,1,80,0,1,1,6,0.586510263929619,0,0,0,0,1,1,1,14.3741797772
56,9,1.1,80,0,1,1,6,0.586510263929619,0,0,0,0,1,1,1,12.1551681396
57,1,0.9,-20,0,1,1,23,2.24828934506354,4,0.421052631578947,4,0,1,1,1,8.38565568847
57,2,1,-20,0,1,1,33,3.2258064516129,6,0.631578947368421,6,0,1,1,1,6.94263156687
57,3,1.1,-20,0,1,1,31,3.03030303030303,8,0.842105263157895,8,0,1,1,1,6.03689388676
57,4,0.9,25,0,1,1,15,1.46627565982405,0,0,0,0,1,1,1,12.0948896838
57,5,1,25,1,1,1,0,0,0,0,0,0,1,1,1,9.76941931335
57,6,1.1,25,0,1,1,5,0.488758553274682,0,0,0,0,1,1,1,8.35705697488
57,7,0.9,80,0,1,1,19,1.85728250244379,0,0,0,0,1,1,1,17.8731601723
57,8,1,80,0,1,1,11,1.0752688172043,0,0,0,0,1,1,1,14.3002362283
57,9,1.1,80,0,1,1,7,0.684261974584555,0,0,0,0,1,1,1,12.1373919322
58,1,0.9,-20,0,1,0,14,1.36852394916911,NaN,NaN,NaN,NaN,NaN,NaN,0,8.01716027694
58,2,1,-20,0,1,0,13,1.27077223851417,NaN,NaN,NaN,NaN,NaN,NaN,0,6.7163522924
58,3,1.1,-20,0,1,0,17,1.66177908113392,NaN,NaN,NaN,NaN,NaN,NaN,0,5.89451272607
58,4,0.9,25,0,1,0,13,1.27077223851417,NaN,NaN,NaN,NaN,NaN,NaN,0,11.3361963195
58,5,1,25,1,1,0,0,0,NaN,NaN,NaN,NaN,NaN,NaN,0,9.31235203926
58,6,1.1,25,0,1,0,6,0.586510263929619,NaN,NaN,NaN,NaN,NaN,NaN,0,8.04568462078
58,7,0.9,80,0,1,0,24,2.34604105571848,NaN,NaN,NaN,NaN,NaN,NaN,0,16.5600702725
58,8,1,80,0,1,0,9,0.879765395894428,NaN,NaN,NaN,NaN,NaN,NaN,0,13.4743934993
58,9,1.1,80,0,1,0,8,0.782013685239492,NaN,NaN,NaN,NaN,NaN,NaN,0,11.5635415407
59,1,0.9,-20,0,1,0,25,2.44379276637341,NaN,NaN,NaN,NaN,NaN,NaN,0,8.41711577113
59,2,1,-20,0,1,0,26,2.54154447702835,NaN,NaN,NaN,NaN,NaN,NaN,0,6.97099881012
59,3,1.1,-20,0,1,0,32,3.12805474095797,NaN,NaN,NaN,NaN,NaN,NaN,0,6.07810568612
59,4,0.9,25,0,1,0,11,1.0752688172043,NaN,NaN,NaN,NaN,NaN,NaN,0,12.0255694071
59,5,1,25,1,1,0,0,0,NaN,NaN,NaN,NaN,NaN,NaN,0,9.75407863489
59,6,1.1,25,0,1,0,12,1.17302052785924,NaN,NaN,NaN,NaN,NaN,NaN,0,8.35953734093
59,7,0.9,80,0,1,0,12,1.17302052785924,NaN,NaN,NaN,NaN,NaN,NaN,0,17.6846699653
59,8,1,80,0,1,0,8,0.782013685239492,NaN,NaN,NaN,NaN,NaN,NaN,0,14.2205053922
59,9,1.1,80,0,1,0,15,1.46627565982405,NaN,NaN,NaN,NaN,NaN,NaN,0,12.0997636887
60,1,0.9,-20,0,1,0,23,2.24828934506354,NaN,NaN,NaN,NaN,NaN,NaN,0,8.36967226474
60,2,1,-20,0,1,0,25,2.44379276637341,NaN,NaN,NaN,NaN,NaN,NaN,0,6.93513315542
60,3,1.1,-20,0,1,0,33,3.2258064516129,NaN,NaN,NaN,NaN,NaN,NaN,0,6.04390253466
60,4,0.9,25,0,1,0,17,1.66177908113392,NaN,NaN,NaN,NaN,NaN,NaN,0,11.9656041304
60,5,1,25,1,1,0,0,0,NaN,NaN,NaN,NaN,NaN,NaN,0,9.70452688312
60,6,1.1,25,0,1,0,7,0.684261974584555,NaN,NaN,NaN,NaN,NaN,NaN,0,8.31990924599
60,7,0.9,80,0,1,0,22,2.1505376344086,NaN,NaN,NaN,NaN,NaN,NaN,0,17.5930586142
60,8,1,80,0,1,0,7,0.684261974584555,NaN,NaN,NaN,NaN,NaN,NaN,0,14.1362608685
60,9,1.1,80,0,1,0,7,0.684261974584555,NaN,NaN,NaN,NaN,NaN,NaN,0,12.0266930416
61,1,0.9,-20,0,1,1,19,1.85728250244379,1,0.105263157894737,1,0,1,1,1,8.34894328095
61,2,1,-20,0,1,1,22,2.1505376344086,0,0,0,0,1,1,1,6.84369606137
61,3,1.1,-20,0,1,1,24,2.34604105571848,1,0.105263157894737,1,0,1,1,1,5.95834865458
61,4,0.9,25,0,1,1,8,0.782013685239492,1,0.105263157894737,1,0,1,1,1,12.0348458446
61,5,1,25,1,1,1,0,0,0,0,0,0,1,1,1,9.6205238726
61,6,1.1,25,0,1,1,7,0.684261974584555,0,0,0,0,1,1,1,8.21298968377
61,7,0.9,80,0,1,1,11,1.0752688172043,2,0.210526315789474,2,0,1,1,1,17.743256726
61,8,1,80,0,1,1,3,0.293255131964809,0,0,0,0,1,1,1,14.0330010342
61,9,1.1,80,0,1,1,5,0.488758553274682,0,0,0,0,1,1,1,11.8776504637
62,1,0.9,-20,0,1,1,11,1.0752688172043,0,0,0,0,1,1,1,8.20451039178
62,2,1,-20,0,1,1,19,1.85728250244379,2,0.210526315789474,2,0,1,1,1,6.82381779094
62,3,1.1,-20,0,1,1,26,2.54154447702835,6,0.631578947368421,6,0,1,1,1,5.94767101334
62,4,0.9,25,0,1,1,12,1.17302052785924,0,0,0,0,1,1,1,11.691654125
62,5,1,25,1,1,1,0,0,0,0,0,0,1,1,1,9.51364422584
62,6,1.1,25,0,1,1,6,0.586510263929619,0,0,0,0,1,1,1,8.17669922069
62,7,0.9,80,0,1,1,12,1.17302052785924,0,0,0,0,1,1,1,17.1347732757
62,8,1,80,0,1,1,7,0.684261974584555,0,0,0,0,1,1,1,13.8204534781
62,9,1.1,80,0,1,1,7,0.684261974584555,0,0,0,0,1,1,1,11.791777983
63,1,0.9,-20,0,1,1,9,0.879765395894428,0,0,0,0,1,1,1,8.3018101525
63,2,1,-20,0,1,1,12,1.17302052785924,0,0,0,0,1,1,1,6.89346177145
63,3,1.1,-20,0,1,1,21,2.05278592375367,6,0.631578947368421,6,0,1,1,1,6.0154004097
63,4,0.9,25,0,1,1,12,1.17302052785924,1,0.105263157894737,1,0,1,1,1,11.8105567301
63,5,1,25,1,1,1,0,0,0,0,0,0,1,1,1,9.60595379735
63,6,1.1,25,0,1,1,6,0.586510263929619,0,0,0,0,1,1,1,8.24966430802
63,7,0.9,80,0,1,1,18,1.75953079178886,2,0.210526315789474,2,0,1,1,1,17.3113218645
63,8,1,80,0,1,1,5,0.488758553274682,0,0,0,0,1,1,1,13.961924871
63,9,1.1,80,0,1,1,6,0.586510263929619,0,0,0,0,1,1,1,11.9061686076
64,1,0.9,-20,0,1,0,14,1.36852394916911,NaN,NaN,NaN,NaN,NaN,NaN,0,8.36564657634
64,2,1,-20,0,1,0,23,2.24828934506354,NaN,NaN,NaN,NaN,NaN,NaN,0,6.87420057386
64,3,1.1,-20,0,1,0,34,3.32355816226784,NaN,NaN,NaN,NaN,NaN,NaN,0,6.00701324652
64,4,0.9,25,0,1,0,13,1.27077223851417,NaN,NaN,NaN,NaN,NaN,NaN,0,12.1928925049
64,5,1,25,1,1,0,0,0,NaN,NaN,NaN,NaN,NaN,NaN,0,9.64686163717
64,6,1.1,25,0,1,0,13,1.27077223851417,NaN,NaN,NaN,NaN,NaN,NaN,0,8.24275707703
64,7,0.9,80,0,1,0,18,1.75953079178886,NaN,NaN,NaN,NaN,NaN,NaN,0,18.0605940004
64,8,1,80,0,1,0,7,0.684261974584555,NaN,NaN,NaN,NaN,NaN,NaN,0,14.1094980498
64,9,1.1,80,0,1,0,12,1.17302052785924,NaN,NaN,NaN,NaN,NaN,NaN,0,11.898386167
65,1,0.9,-20,0,1,1,11,1.0752688172043,0,0,0,0,1,1,1,8.26084621135
65,2,1,-20,0,1,1,20,1.95503421309873,3,0.315789473684211,3,0,1,1,1,6.86800153158
65,3,1.1,-20,0,1,1,25,2.44379276637341,3,0.315789473684211,3,0,1,1,1,5.99372798213
65,4,0.9,25,0,1,1,10,0.977517106549365,0,0,0,0,1,1,1,11.7571856785
65,5,1,25,1,1,1,0,0,0,0,0,0,1,1,1,9.57325432074
65,6,1.1,25,0,1,1,8,0.782013685239492,0,0,0,0,1,1,1,8.2264225125
65,7,0.9,80,0,1,1,11,1.0752688172043,0,0,0,0,1,1,1,17.2381655455
65,8,1,80,0,1,1,8,0.782013685239492,0,0,0,0,1,1,1,13.9179110954
65,9,1.1,80,0,1,1,14,1.36852394916911,0,0,0,0,1,1,1,11.8753194163
66,1,0.9,-20,0,1,1,13,1.27077223851417,0,0,0,0,1,1,1,8.33808884286
66,2,1,-20,0,1,1,12,1.17302052785924,1,0.105263157894737,1,0,1,1,1,6.91241684192
66,3,1.1,-20,0,1,1,20,1.95503421309873,5,0.526315789473684,5,0,1,1,1,6.02273858441
66,4,0.9,25,0,1,1,11,1.0752688172043,0,0,0,0,1,1,1,12.0334111514
66,5,1,25,1,1,1,0,0,0,0,0,0,1,1,1,9.70656902202
66,6,1.1,25,0,1,1,5,0.488758553274682,0,0,0,0,1,1,1,8.31680792861
66,7,0.9,80,0,1,1,13,1.27077223851417,1,0.105263157894737,1,0,1,1,1,17.7699875589
66,8,1,80,0,1,1,7,0.684261974584555,0,0,0,0,1,1,1,14.1760058131
66,9,1.1,80,0,1,1,5,0.488758553274682,0,0,0,0,1,1,1,12.0552040413
67,1,0.9,-20,0,1,1,19,1.85728250244379,0,0,0,0,1,1,1,8.27282959325
67,2,1,-20,0,1,1,24,2.34604105571848,2,0.210526315789474,2,0,1,1,1,6.86539555581
67,3,1.1,-20,0,1,1,23,2.24828934506354,3,0.315789473684211,3,0,1,1,1,5.98995658147
67,4,0.9,25,0,1,1,17,1.66177908113392,0,0,0,0,1,1,1,11.8544406579
67,5,1,25,1,1,1,0,0,0,0,0,0,1,1,1,9.62545312114
67,6,1.1,25,0,1,1,8,0.782013685239492,0,0,0,0,1,1,1,8.26058806652
67,7,0.9,80,0,1,1,16,1.56402737047898,0,0,0,0,1,1,1,17.4393718275
67,8,1,80,0,1,1,11,1.0752688172043,0,0,0,0,1,1,1,14.0332000322
67,9,1.1,80,0,1,1,8,0.782013685239492,0,0,0,0,1,1,1,11.9535070107
68,1,0.9,-20,0,1,1,9,0.879765395894428,0,0,0,0,1,1,1,8.22754318836
68,2,1,-20,0,1,1,12,1.17302052785924,0,0,0,0,1,1,1,6.81274360366
68,3,1.1,-20,0,1,1,15,1.46627565982405,1,0.105263157894737,1,0,1,1,1,5.95514486718
68,4,0.9,25,0,1,1,10,0.977517106549365,2,0.210526315789474,2,0,1,1,1,11.8094773503
68,5,1,25,1,1,1,0,0,0,0,0,0,1,1,1,9.54692314978
68,6,1.1,25,0,1,1,4,0.391006842619746,0,0,0,0,1,1,1,8.18738755847
68,7,0.9,80,0,1,1,13,1.27077223851417,2,0.210526315789474,2,0,1,1,1,17.3684825955
68,8,1,80,0,1,1,3,0.293255131964809,0,0,0,0,1,1,1,13.9044473009
68,9,1.1,80,0,1,1,4,0.391006842619746,0,0,0,0,1,1,1,11.8283664857
69,1,0.9,-20,0,1,0,18,1.75953079178886,NaN,NaN,NaN,NaN,NaN,NaN,0,8.42844305367
69,2,1,-20,0,1,0,22,2.1505376344086,NaN,NaN,NaN,NaN,NaN,NaN,0,6.97521443512
69,3,1.1,-20,0,1,0,34,3.32355816226784,NaN,NaN,NaN,NaN,NaN,NaN,0,6.07750117149
69,4,0.9,25,0,1,0,13,1.27077223851417,NaN,NaN,NaN,NaN,NaN,NaN,0,12.1086501838
69,5,1,25,1,1,0,0,0,NaN,NaN,NaN,NaN,NaN,NaN,0,9.80730460484
69,6,1.1,25,0,1,0,10,0.977517106549365,NaN,NaN,NaN,NaN,NaN,NaN,0,8.39680204848
69,7,0.9,80,0,1,0,15,1.46627565982405,NaN,NaN,NaN,NaN,NaN,NaN,0,17.8603167395
69,8,1,80,0,1,0,10,0.977517106549365,NaN,NaN,NaN,NaN,NaN,NaN,0,14.338312245
69,9,1.1,80,0,1,0,13,1.27077223851417,NaN,NaN,NaN,NaN,NaN,NaN,0,12.1859393818
70,1,0.9,-20,0,1,0,18,1.75953079178886,NaN,NaN,NaN,NaN,NaN,NaN,0,8.30590294441
70,2,1,-20,0,1,0,31,3.03030303030303,NaN,NaN,NaN,NaN,NaN,NaN,0,6.87304917639
70,3,1.1,-20,0,1,0,34,3.32355816226784,NaN,NaN,NaN,NaN,NaN,NaN,0,5.99191081866
70,4,0.9,25,0,1,0,10,0.977517106549365,NaN,NaN,NaN,NaN,NaN,NaN,0,11.9306005948
70,5,1,25,1,1,0,0,0,NaN,NaN,NaN,NaN,NaN,NaN,0,9.65003892134
70,6,1.1,25,0,1,0,8,0.782013685239492,NaN,NaN,NaN,NaN,NaN,NaN,0,8.26996394204
70,7,0.9,80,0,1,0,12,1.17302052785924,NaN,NaN,NaN,NaN,NaN,NaN,0,17.5562938489
70,8,1,80,0,1,0,8,0.782013685239492,NaN,NaN,NaN,NaN,NaN,NaN,0,14.0665472809
70,9,1.1,80,0,1,0,8,0.782013685239492,NaN,NaN,NaN,NaN,NaN,NaN,0,11.9614803982
71,1,0.9,-20,0,1,0,14,1.36852394916911,NaN,NaN,NaN,NaN,NaN,NaN,0,8.16326763932
71,2,1,-20,0,1,0,23,2.24828934506354,NaN,NaN,NaN,NaN,NaN,NaN,0,6.80279531255
71,3,1.1,-20,0,1,0,22,2.1505376344086,NaN,NaN,NaN,NaN,NaN,NaN,0,5.94686476105
71,4,0.9,25,0,1,0,10,0.977517106549365,NaN,NaN,NaN,NaN,NaN,NaN,0,11.609888981
71,5,1,25,1,1,0,0,0,NaN,NaN,NaN,NaN,NaN,NaN,0,9.4792894894
71,6,1.1,25,0,1,0,7,0.684261974584555,NaN,NaN,NaN,NaN,NaN,NaN,0,8.16064819706
71,7,0.9,80,0,1,0,11,1.0752688172043,NaN,NaN,NaN,NaN,NaN,NaN,0,17.0068056623
71,8,1,80,0,1,0,8,0.782013685239492,NaN,NaN,NaN,NaN,NaN,NaN,0,13.7652737264
71,9,1.1,80,0,1,0,10,0.977517106549365,NaN,NaN,NaN,NaN,NaN,NaN,0,11.7663740634
72,1,0.9,-20,0,1,1,10,0.977517106549365,0,0,0,0,1,1,1,8.40606815835
72,2,1,-20,0,1,1,20,1.95503421309873,4,0.421052631578947,4,0,1,1,1,6.94269975102
72,3,1.1,-20,0,1,1,21,2.05278592375367,5,0.526315789473684,5,0,1,1,1,6.05752368505
72,4,0.9,25,0,1,1,11,1.0752688172043,0,0,0,0,1,1,1,12.073456733
72,5,1,25,1,1,1,0,0,0,0,0,0,1,1,1,9.77269947799
72,6,1.1,25,0,1,1,5,0.488758553274682,0,0,0,0,1,1,1,8.3667520355
72,7,0.9,80,0,1,1,12,1.17302052785924,0,0,0,0,1,1,1,17.8015912892
72,8,1,80,0,1,1,11,1.0752688172043,0,0,0,0,1,1,1,14.2815875551
72,9,1.1,80,0,1,1,10,0.977517106549365,0,0,0,0,1,1,1,12.1364485315
73,1,0.9,-20,0,1,1,16,1.56402737047898,1,0.105263157894737,1,0,1,1,1,8.2607888022
73,2,1,-20,0,1,1,26,2.54154447702835,0,0,0,0,1,1,1,6.87341818354
73,3,1.1,-20,0,1,1,29,2.83479960899316,2,0.210526315789474,2,0,1,1,1,5.99213497647
73,4,0.9,25,0,1,1,13,1.27077223851417,0,0,0,0,1,1,1,11.8087573163
73,5,1,25,1,1,1,0,0,0,0,0,0,1,1,1,9.61817158407
73,6,1.1,25,0,1,1,6,0.586510263929619,0,0,0,0,1,1,1,8.26319910798
73,7,0.9,80,0,1,1,12,1.17302052785924,0,0,0,0,1,1,1,17.3690623608
73,8,1,80,0,1,1,6,0.586510263929619,0,0,0,0,1,1,1,14.0248282574
73,9,1.1,80,0,1,1,6,0.586510263929619,0,0,0,0,1,1,1,11.9625455684
74,1,0.9,-20,0,1,0,14,1.36852394916911,NaN,NaN,NaN,NaN,NaN,NaN,0,8.43931589992
74,2,1,-20,0,1,0,21,2.05278592375367,NaN,NaN,NaN,NaN,NaN,NaN,0,6.94931721223
74,3,1.1,-20,0,1,0,25,2.44379276637341,NaN,NaN,NaN,NaN,NaN,NaN,0,6.05518986942
74,4,0.9,25,0,1,0,17,1.66177908113392,NaN,NaN,NaN,NaN,NaN,NaN,0,12.1470169134
74,5,1,25,1,1,0,0,0,NaN,NaN,NaN,NaN,NaN,NaN,0,9.78977099723
74,6,1.1,25,0,1,0,11,1.0752688172043,NaN,NaN,NaN,NaN,NaN,NaN,0,8.36495914002
74,7,0.9,80,0,1,0,24,2.34604105571848,NaN,NaN,NaN,NaN,NaN,NaN,0,17.9132199063
74,8,1,80,0,1,0,13,1.27077223851417,NaN,NaN,NaN,NaN,NaN,NaN,0,14.3045063149
74,9,1.1,80,0,1,0,11,1.0752688172043,NaN,NaN,NaN,NaN,NaN,NaN,0,12.1314565885
75,1,0.9,-20,0,1,1,11,1.0752688172043,0,0,0,0,1,1,1,8.23735329085
75,2,1,-20,0,1,1,12,1.17302052785924,0,0,0,0,1,1,1,6.81192621684
75,3,1.1,-20,0,1,1,14,1.36852394916911,1,0.105263157894737,1,0,1,1,1,5.9525045184
75,4,0.9,25,0,1,1,7,0.684261974584555,0,0,0,0,1,1,1,11.7754223983
75,5,1,25,1,1,1,0,0,0,0,0,0,1,1,1,9.52783142929
75,6,1.1,25,0,1,1,7,0.684261974584555,0,0,0,0,1,1,1,8.16879348917
75,7,0.9,80,0,1,1,9,0.879765395894428,0,0,0,0,1,1,1,17.2621084245
75,8,1,80,0,1,1,4,0.391006842619746,0,0,0,0,1,1,1,13.8376756855
75,9,1.1,80,0,1,1,10,0.977517106549365,0,0,0,0,1,1,1,11.7756180175
76,1,0.9,-20,0,1,0,11,1.0752688172043,NaN,NaN,NaN,NaN,NaN,NaN,0,8.13545024616
76,2,1,-20,0,1,0,16,1.56402737047898,NaN,NaN,NaN,NaN,NaN,NaN,0,6.79192942546
76,3,1.1,-20,0,1,0,27,2.63929618768328,NaN,NaN,NaN,NaN,NaN,NaN,0,5.94766770297
76,4,0.9,25,0,1,0,16,1.56402737047898,NaN,NaN,NaN,NaN,NaN,NaN,0,11.5132196166
76,5,1,25,1,1,0,0,0,NaN,NaN,NaN,NaN,NaN,NaN,0,9.42449563765
76,6,1.1,25,0,1,0,6,0.586510263929619,NaN,NaN,NaN,NaN,NaN,NaN,0,8.12505258546
76,7,0.9,80,0,1,0,24,2.34604105571848,NaN,NaN,NaN,NaN,NaN,NaN,0,16.8134040064
76,8,1,80,0,1,0,5,0.488758553274682,NaN,NaN,NaN,NaN,NaN,NaN,0,13.6488003701
76,9,1.1,80,0,1,0,6,0.586510263929619,NaN,NaN,NaN,NaN,NaN,NaN,0,11.6857568286
77,1,0.9,-20,0,1,0,18,1.75953079178886,NaN,NaN,NaN,NaN,NaN,NaN,0,8.16701937677
77,2,1,-20,0,1,0,20,1.95503421309873,NaN,NaN,NaN,NaN,NaN,NaN,0,6.7942225697
77,3,1.1,-20,0,1,0,29,2.83479960899316,NaN,NaN,NaN,NaN,NaN,NaN,0,5.95044954807
77,4,0.9,25,0,1,0,10,0.977517106549365,NaN,NaN,NaN,NaN,NaN,NaN,0,11.6611428261
77,5,1,25,1,1,0,0,0,NaN,NaN,NaN,NaN,NaN,NaN,0,9.49565004488
77,6,1.1,25,0,1,0,13,1.27077223851417,NaN,NaN,NaN,NaN,NaN,NaN,0,8.16570113421
77,7,0.9,80,0,1,0,12,1.17302052785924,NaN,NaN,NaN,NaN,NaN,NaN,0,17.1053918063
77,8,1,80,0,1,0,8,0.782013685239492,NaN,NaN,NaN,NaN,NaN,NaN,0,13.8075971113
77,9,1.1,80,0,1,0,13,1.27077223851417,NaN,NaN,NaN,NaN,NaN,NaN,0,11.7874168017
78,1,0.9,-20,0,1,0,15,1.46627565982405,NaN,NaN,NaN,NaN,NaN,NaN,0,8.17496690403
78,2,1,-20,0,1,0,22,2.1505376344086,NaN,NaN,NaN,NaN,NaN,NaN,0,6.81318633218
78,3,1.1,-20,0,1,0,30,2.93255131964809,NaN,NaN,NaN,NaN,NaN,NaN,0,5.95776411597
78,4,0.9,25,0,1,0,12,1.17302052785924,NaN,NaN,NaN,NaN,NaN,NaN,0,11.6042108232
78,5,1,25,1,1,0,0,0,NaN,NaN,NaN,NaN,NaN,NaN,0,9.47969454026
78,6,1.1,25,0,1,0,4,0.391006842619746,NaN,NaN,NaN,NaN,NaN,NaN,0,8.16380265429
78,7,0.9,80,0,1,0,20,1.95503421309873,NaN,NaN,NaN,NaN,NaN,NaN,0,16.9753703093
78,8,1,80,0,1,0,6,0.586510263929619,NaN,NaN,NaN,NaN,NaN,NaN,0,13.7501451849
78,9,1.1,80,0,1,0,7,0.684261974584555,NaN,NaN,NaN,NaN,NaN,NaN,0,11.7586298464
79,1,0.9,-20,0,1,1,10,0.977517106549365,1,0.105263157894737,1,0,1,1,1,8.01537227646
79,2,1,-20,0,1,1,18,1.75953079178886,1,0.105263157894737,1,0,1,1,1,6.71306111678
79,3,1.1,-20,0,1,1,17,1.66177908113392,3,0.315789473684211,3,0,1,1,1,5.88512585168
79,4,0.9,25,0,1,1,3,0.293255131964809,0,0,0,0,1,1,1,11.344553486
79,5,1,25,1,1,1,0,0,0,0,0,0,1,1,1,9.30249275968
79,6,1.1,25,0,1,1,2,0.195503421309873,0,0,0,0,1,1,1,8.03526852958
79,7,0.9,80,0,1,1,7,0.684261974584555,1,0.105263157894737,1,0,1,1,1,16.5543790615
79,8,1,80,0,1,1,2,0.195503421309873,0,0,0,0,1,1,1,13.4699398949
79,9,1.1,80,0,1,1,3,0.293255131964809,0,0,0,0,1,1,1,11.5542968907
80,1,0.9,-20,0,1,0,10,0.977517106549365,NaN,NaN,NaN,NaN,NaN,NaN,0,8.08646270359
80,2,1,-20,0,1,0,22,2.1505376344086,NaN,NaN,NaN,NaN,NaN,NaN,0,6.74563777702
80,3,1.1,-20,0,1,0,33,3.2258064516129,NaN,NaN,NaN,NaN,NaN,NaN,0,5.93010396213
80,4,0.9,25,0,1,0,8,0.782013685239492,NaN,NaN,NaN,NaN,NaN,NaN,0,11.5128380435
80,5,1,25,1,1,0,0,0,NaN,NaN,NaN,NaN,NaN,NaN,0,9.40233859798
80,6,1.1,25,0,1,0,8,0.782013685239492,NaN,NaN,NaN,NaN,NaN,NaN,0,8.10162564699
80,7,0.9,80,0,1,0,15,1.46627565982405,NaN,NaN,NaN,NaN,NaN,NaN,0,16.8527461534
80,8,1,80,0,1,0,7,0.684261974584555,NaN,NaN,NaN,NaN,NaN,NaN,0,13.6428823188
80,9,1.1,80,0,1,0,8,0.782013685239492,NaN,NaN,NaN,NaN,NaN,NaN,0,11.6700146195
81,1,0.9,-20,0,1,1,15,1.46627565982405,0,0,0,0,1,1,1,8.2513168822
81,2,1,-20,0,1,1,14,1.36852394916911,1,0.105263157894737,1,0,1,1,1,6.8396528202
81,3,1.1,-20,0,1,1,24,2.34604105571848,4,0.421052631578947,4,0,1,1,1,5.9636565792
81,4,0.9,25,0,1,1,11,1.0752688172043,0,0,0,0,1,1,1,11.8526350819
81,5,1,25,1,1,1,0,0,0,0,0,0,1,1,1,9.60336538507
81,6,1.1,25,0,1,1,6,0.586510263929619,0,0,0,0,1,1,1,8.23471197549
81,7,0.9,80,0,1,1,16,1.56402737047898,0,0,0,0,1,1,1,17.4510703267
81,8,1,80,0,1,1,7,0.684261974584555,0,0,0,0,1,1,1,14.0087141715
81,9,1.1,80,0,1,1,5,0.488758553274682,0,0,0,0,1,1,1,11.9197759442
82,1,0.9,-20,0,1,1,11,1.0752688172043,1,0.105263157894737,1,0,1,1,1,8.32887869625
82,2,1,-20,0,1,1,19,1.85728250244379,0,0,0,0,1,1,1,6.90056436788
82,3,1.1,-20,0,1,1,22,2.1505376344086,2,0.210526315789474,2,0,1,1,1,6.00811780507
82,4,0.9,25,0,1,1,9,0.879765395894428,1,0.105263157894737,1,0,1,1,1,11.9991786406
82,5,1,25,1,1,1,0,0,0,0,0,0,1,1,1,9.7012803739
82,6,1.1,25,0,1,1,8,0.782013685239492,0,0,0,0,1,1,1,8.30702715286
82,7,0.9,80,0,1,1,10,0.977517106549365,1,0.105263157894737,1,0,1,1,1,17.7026054296
82,8,1,80,0,1,1,6,0.586510263929619,0,0,0,0,1,1,1,14.1747370155
82,9,1.1,80,0,1,1,6,0.586510263929619,0,0,0,0,1,1,1,12.042912439
83,1,0.9,-20,0,1,1,6,0.586510263929619,0,0,0,0,1,1,1,8.23497901088
83,2,1,-20,0,1,1,10,0.977517106549365,1,0.105263157894737,1,0,1,1,1,6.82575424364
83,3,1.1,-20,0,1,1,18,1.75953079178886,6,0.631578947368421,6,0,1,1,1,5.95752163582
83,4,0.9,25,0,1,1,17,1.66177908113392,0,0,0,0,1,1,1,11.8212344953
83,5,1,25,1,1,1,0,0,0,0,0,0,1,1,1,9.56330017627
83,6,1.1,25,0,1,1,6,0.586510263929619,0,0,0,0,1,1,1,8.20242149775
83,7,0.9,80,0,1,1,22,2.1505376344086,1,0.105263157894737,1,0,1,1,1,17.4019162122
83,8,1,80,0,1,1,7,0.684261974584555,0,0,0,0,1,1,1,13.9397482181
83,9,1.1,80,0,1,1,6,0.586510263929619,0,0,0,0,1,1,1,11.8619789284
84,1,0.9,-20,0,1,0,10,0.977517106549365,NaN,NaN,NaN,NaN,NaN,NaN,0,8.33268988645
84,2,1,-20,0,1,0,26,2.54154447702835,NaN,NaN,NaN,NaN,NaN,NaN,0,6.91468790549
84,3,1.1,-20,0,1,0,34,3.32355816226784,NaN,NaN,NaN,NaN,NaN,NaN,0,6.02808721903
84,4,0.9,25,0,1,0,16,1.56402737047898,NaN,NaN,NaN,NaN,NaN,NaN,0,11.9578662491
84,5,1,25,1,1,0,0,0,NaN,NaN,NaN,NaN,NaN,NaN,0,9.68961664748
84,6,1.1,25,0,1,0,7,0.684261974584555,NaN,NaN,NaN,NaN,NaN,NaN,0,8.30432034386
84,7,0.9,80,0,1,0,19,1.85728250244379,NaN,NaN,NaN,NaN,NaN,NaN,0,17.5858679288
84,8,1,80,0,1,0,4,0.391006842619746,NaN,NaN,NaN,NaN,NaN,NaN,0,14.121544093
84,9,1.1,80,0,1,0,7,0.684261974584555,NaN,NaN,NaN,NaN,NaN,NaN,0,12.0140784029
85,1,0.9,-20,0,1,0,12,1.17302052785924,NaN,NaN,NaN,NaN,NaN,NaN,0,8.2000664915
85,2,1,-20,0,1,0,17,1.66177908113392,NaN,NaN,NaN,NaN,NaN,NaN,0,6.83277451878
85,3,1.1,-20,0,1,0,24,2.34604105571848,NaN,NaN,NaN,NaN,NaN,NaN,0,5.95693028426
85,4,0.9,25,0,1,0,7,0.684261974584555,NaN,NaN,NaN,NaN,NaN,NaN,0,11.6746863228
85,5,1,25,1,1,0,0,0,NaN,NaN,NaN,NaN,NaN,NaN,0,9.51533806033
85,6,1.1,25,0,1,0,7,0.684261974584555,NaN,NaN,NaN,NaN,NaN,NaN,0,8.18661744447
85,7,0.9,80,0,1,0,10,0.977517106549365,NaN,NaN,NaN,NaN,NaN,NaN,0,17.1035092565
85,8,1,80,0,1,0,2,0.195503421309873,NaN,NaN,NaN,NaN,NaN,NaN,0,13.8158790609
85,9,1.1,80,0,1,0,5,0.488758553274682,NaN,NaN,NaN,NaN,NaN,NaN,0,11.8023698101
86,1,0.9,-20,0,1,0,15,1.46627565982405,NaN,NaN,NaN,NaN,NaN,NaN,0,8.10897995275
86,2,1,-20,0,1,0,18,1.75953079178886,NaN,NaN,NaN,NaN,NaN,NaN,0,6.7642985562
86,3,1.1,-20,0,1,0,25,2.44379276637341,NaN,NaN,NaN,NaN,NaN,NaN,0,5.93953508253
86,4,0.9,25,0,1,0,16,1.56402737047898,NaN,NaN,NaN,NaN,NaN,NaN,0,11.4866321767
86,5,1,25,1,1,0,0,0,NaN,NaN,NaN,NaN,NaN,NaN,0,9.3860708414
86,6,1.1,25,0,1,0,3,0.293255131964809,NaN,NaN,NaN,NaN,NaN,NaN,0,8.0903808151
86,7,0.9,80,0,1,0,22,2.1505376344086,NaN,NaN,NaN,NaN,NaN,NaN,0,16.7741293432
86,8,1,80,0,1,0,9,0.879765395894428,NaN,NaN,NaN,NaN,NaN,NaN,0,13.587648906
86,9,1.1,80,0,1,0,4,0.391006842619746,NaN,NaN,NaN,NaN,NaN,NaN,0,11.6277225197
87,1,0.9,-20,0,1,0,18,1.75953079178886,NaN,NaN,NaN,NaN,NaN,NaN,0,8.25826217899
87,2,1,-20,0,1,0,28,2.73704789833822,NaN,NaN,NaN,NaN,NaN,NaN,0,6.85564593373
87,3,1.1,-20,0,1,0,28,2.73704789833822,NaN,NaN,NaN,NaN,NaN,NaN,0,5.98680109403
87,4,0.9,25,0,1,0,12,1.17302052785924,NaN,NaN,NaN,NaN,NaN,NaN,0,11.8358727631
87,5,1,25,1,1,0,0,0,NaN,NaN,NaN,NaN,NaN,NaN,0,9.60994127808
87,6,1.1,25,0,1,0,6,0.586510263929619,NaN,NaN,NaN,NaN,NaN,NaN,0,8.25065830631
87,7,0.9,80,0,1,0,12,1.17302052785924,NaN,NaN,NaN,NaN,NaN,NaN,0,17.4019752288
87,8,1,80,0,1,0,5,0.488758553274682,NaN,NaN,NaN,NaN,NaN,NaN,0,14.0029906275
87,9,1.1,80,0,1,0,5,0.488758553274682,NaN,NaN,NaN,NaN,NaN,NaN,0,11.9330513134
88,1,0.9,-20,0,1,1,11,1.0752688172043,0,0,0,0,1,1,1,8.24619941632
88,2,1,-20,0,1,1,19,1.85728250244379,2,0.210526315789474,2,0,1,1,1,6.82201282632
88,3,1.1,-20,0,1,1,21,2.05278592375367,5,0.526315789473684,5,0,1,1,1,5.95243424125
88,4,0.9,25,0,1,1,10,0.977517106549365,0,0,0,0,1,1,1,11.8507567253
88,5,1,25,1,1,1,0,0,0,0,0,0,1,1,1,9.57605030404
88,6,1.1,25,0,1,1,5,0.488758553274682,0,0,0,0,1,1,1,8.20625760072
88,7,0.9,80,0,1,1,16,1.56402737047898,0,0,0,0,1,1,1,17.4232341129
88,8,1,80,0,1,1,6,0.586510263929619,0,0,0,0,1,1,1,13.9446467088
88,9,1.1,80,0,1,1,5,0.488758553274682,0,0,0,0,1,1,1,11.8571081561
89,1,0.9,-20,0,1,0,15,1.46627565982405,NaN,NaN,NaN,NaN,NaN,NaN,0,8.03619346868
89,2,1,-20,0,1,0,23,2.24828934506354,NaN,NaN,NaN,NaN,NaN,NaN,0,6.71628074792
89,3,1.1,-20,0,1,0,26,2.54154447702835,NaN,NaN,NaN,NaN,NaN,NaN,0,5.884304257
89,4,0.9,25,0,1,0,12,1.17302052785924,NaN,NaN,NaN,NaN,NaN,NaN,0,11.4264502209
89,5,1,25,1,1,0,0,0,NaN,NaN,NaN,NaN,NaN,NaN,0,9.32171607135
89,6,1.1,25,0,1,0,8,0.782013685239492,NaN,NaN,NaN,NaN,NaN,NaN,0,8.03248773441
89,7,0.9,80,0,1,0,14,1.36852394916911,NaN,NaN,NaN,NaN,NaN,NaN,0,16.7258157286
89,8,1,80,0,1,0,6,0.586510263929619,NaN,NaN,NaN,NaN,NaN,NaN,0,13.5168416014
89,9,1.1,80,0,1,0,10,0.977517106549365,NaN,NaN,NaN,NaN,NaN,NaN,0,11.558112394
90,1,0.9,-20,0,1,1,13,1.27077223851417,1,0.105263157894737,1,0,1,1,1,8.32648709937
90,2,1,-20,0,1,1,21,2.05278592375367,2,0.210526315789474,2,0,1,1,1,6.90686105925
90,3,1.1,-20,0,1,1,28,2.73704789833822,6,0.631578947368421,6,0,1,1,1,6.02858185325
90,4,0.9,25,0,1,1,10,0.977517106549365,0,0,0,0,1,1,1,11.9050424625
90,5,1,25,1,1,1,0,0,0,0,0,0,1,1,1,9.6765133656
90,6,1.1,25,0,1,1,9,0.879765395894428,0,0,0,0,1,1,1,8.3037890872
90,7,0.9,80,0,1,1,13,1.27077223851417,0,0,0,0,1,1,1,17.5117724242
90,8,1,80,0,1,1,4,0.391006842619746,0,0,0,0,1,1,1,14.1120380828
90,9,1.1,80,0,1,1,10,0.977517106549365,0,0,0,0,1,1,1,12.0239486535
91,1,0.9,-20,0,1,1,8,0.782013685239492,0,0,0,0,1,1,1,8.39650003272
91,2,1,-20,0,1,1,18,1.75953079178886,2,0.210526315789474,2,0,1,1,1,6.94030283952
91,3,1.1,-20,0,1,1,23,2.24828934506354,3,0.315789473684211,3,0,1,1,1,6.03682883188
91,4,0.9,25,0,1,1,7,0.684261974584555,0,0,0,0,1,1,1,12.077512288
91,5,1,25,1,1,1,0,0,0,0,0,0,1,1,1,9.75052799562
91,6,1.1,25,0,1,1,9,0.879765395894428,0,0,0,0,1,1,1,8.34295681256
91,7,0.9,80,0,1,1,8,0.782013685239492,0,0,0,0,1,1,1,17.8009817277
91,8,1,80,0,1,1,8,0.782013685239492,0,0,0,0,1,1,1,14.2415715996
91,9,1.1,80,0,1,1,8,0.782013685239492,0,0,0,0,1,1,1,12.0942586831
92,1,0.9,-20,0,1,1,13,1.27077223851417,0,0,0,0,1,1,1,8.43528819648
92,2,1,-20,0,1,1,14,1.36852394916911,1,0.105263157894737,1,0,1,1,1,6.96654863785
92,3,1.1,-20,0,1,1,21,2.05278592375367,4,0.421052631578947,4,0,1,1,1,6.08129964712
92,4,0.9,25,0,1,1,12,1.17302052785924,0,0,0,0,1,1,1,12.1118061089
92,5,1,25,1,1,1,0,0,0,0,0,0,1,1,1,9.79101913853
92,6,1.1,25,0,1,1,4,0.391006842619746,0,0,0,0,1,1,1,8.37821743521
92,7,0.9,80,0,1,1,12,1.17302052785924,0,0,0,0,1,1,1,17.8399289932
92,8,1,80,0,1,1,6,0.586510263929619,0,0,0,0,1,1,1,14.295499827
92,9,1.1,80,0,1,1,3,0.293255131964809,0,0,0,0,1,1,1,12.1435301108
93,1,0.9,-20,0,1,0,11,1.0752688172043,NaN,NaN,NaN,NaN,NaN,NaN,0,8.08146638235
93,2,1,-20,0,1,0,19,1.85728250244379,NaN,NaN,NaN,NaN,NaN,NaN,0,6.74572478491
93,3,1.1,-20,0,1,0,26,2.54154447702835,NaN,NaN,NaN,NaN,NaN,NaN,0,5.9051177801
93,4,0.9,25,0,1,0,9,0.879765395894428,NaN,NaN,NaN,NaN,NaN,NaN,0,11.462237117
93,5,1,25,1,1,0,0,0,NaN,NaN,NaN,NaN,NaN,NaN,0,9.36099832026
93,6,1.1,25,0,1,0,13,1.27077223851417,NaN,NaN,NaN,NaN,NaN,NaN,0,8.06703195822
93,7,0.9,80,0,1,0,18,1.75953079178886,NaN,NaN,NaN,NaN,NaN,NaN,0,16.7476217732
93,8,1,80,0,1,0,9,0.879765395894428,NaN,NaN,NaN,NaN,NaN,NaN,0,13.5612727636
93,9,1.1,80,0,1,0,15,1.46627565982405,NaN,NaN,NaN,NaN,NaN,NaN,0,11.6039801003
94,1,0.9,-20,0,1,1,14,1.36852394916911,0,0,0,0,1,1,1,8.53197660307
94,2,1,-20,0,1,1,14,1.36852394916911,1,0.105263157894737,1,0,1,1,1,7.00222251632
94,3,1.1,-20,0,1,1,15,1.46627565982405,0,0,0,0,1,1,1,6.0899967987
94,4,0.9,25,0,1,1,11,1.0752688172043,0,0,0,0,1,1,1,12.2453044225
94,5,1,25,1,1,1,0,0,0,0,0,0,1,1,1,9.82617192791
94,6,1.1,25,0,1,1,4,0.391006842619746,0,0,0,0,1,1,1,8.38076225372
94,7,0.9,80,0,1,1,13,1.27077223851417,0,0,0,0,1,1,1,18.035257197
94,8,1,80,0,1,1,3,0.293255131964809,0,0,0,0,1,1,1,14.3352293887
94,9,1.1,80,0,1,1,2,0.195503421309873,0,0,0,0,1,1,1,12.1322572068
95,1,0.9,-20,0,1,0,13,1.27077223851417,NaN,NaN,NaN,NaN,NaN,NaN,0,8.32104878791
95,2,1,-20,0,1,0,30,2.93255131964809,NaN,NaN,NaN,NaN,NaN,NaN,0,6.90547991199
95,3,1.1,-20,0,1,0,38,3.71456500488759,NaN,NaN,NaN,NaN,NaN,NaN,0,6.02758181906
95,4,0.9,25,0,1,0,9,0.879765395894428,NaN,NaN,NaN,NaN,NaN,NaN,0,11.8850603836
95,5,1,25,1,1,0,0,0,NaN,NaN,NaN,NaN,NaN,NaN,0,9.66263000577
95,6,1.1,25,0,1,0,6,0.586510263929619,NaN,NaN,NaN,NaN,NaN,NaN,0,8.29383518516
95,7,0.9,80,0,1,0,15,1.46627565982405,NaN,NaN,NaN,NaN,NaN,NaN,0,17.4744619843
95,8,1,80,0,1,0,4,0.391006842619746,NaN,NaN,NaN,NaN,NaN,NaN,0,14.0837462647
95,9,1.1,80,0,1,0,9,0.879765395894428,NaN,NaN,NaN,NaN,NaN,NaN,0,12.0020739535
96,1,0.9,-20,0,1,1,21,2.05278592375367,1,0.105263157894737,1,0,1,1,1,8.49301635135
96,2,1,-20,0,1,1,31,3.03030303030303,2,0.210526315789474,2,0,1,1,1,7.01021603425
96,3,1.1,-20,0,1,1,32,3.12805474095797,4,0.421052631578947,4,0,1,1,1,6.10379298609
96,4,0.9,25,0,1,1,12,1.17302052785924,1,0.105263157894737,1,0,1,1,1,12.222166719
96,5,1,25,1,1,1,0,0,0,0,0,0,1,1,1,9.86680585376
96,6,1.1,25,0,1,1,16,1.56402737047898,0,0,0,0,1,1,1,8.43346205932
96,7,0.9,80,0,1,1,19,1.85728250244379,3,0.315789473684211,3,0,1,1,1,18.0394536883
96,8,1,80,0,1,1,8,0.782013685239492,0,0,0,0,1,1,1,14.4309225589
96,9,1.1,80,0,1,1,10,0.977517106549365,0,0,0,0,1,1,1,12.2417561845
97,1,0.9,-20,0,1,1,6,0.586510263929619,0,0,0,0,1,1,1,8.27051309365
97,2,1,-20,0,1,1,22,2.1505376344086,1,0.105263157894737,1,0,1,1,1,6.87802209549
97,3,1.1,-20,0,1,1,30,2.93255131964809,4,0.421052631578947,4,0,1,1,1,6.00010751113
97,4,0.9,25,0,1,1,5,0.488758553274682,0,0,0,0,1,1,1,11.7912978975
97,5,1,25,1,1,1,0,0,0,0,0,0,1,1,1,9.5944406337
97,6,1.1,25,0,1,1,8,0.782013685239492,0,0,0,0,1,1,1,8.24202136048
97,7,0.9,80,0,1,1,6,0.586510263929619,0,0,0,0,1,1,1,17.2970117492
97,8,1,80,0,1,1,2,0.195503421309873,0,0,0,0,1,1,1,13.9524344999
97,9,1.1,80,0,1,1,5,0.488758553274682,0,0,0,0,1,1,1,11.8997367143
98,1,0.9,-20,0,1,1,14,1.36852394916911,0,0,0,0,1,1,1,8.14460458896
98,2,1,-20,0,1,1,21,2.05278592375367,3,0.315789473684211,3,0,1,1,1,6.77805664425
98,3,1.1,-20,0,1,1,26,2.54154447702835,5,0.526315789473684,5,0,1,1,1,5.95025444448
98,4,0.9,25,0,1,1,11,1.0752688172043,0,0,0,0,1,1,1,11.5910042074
98,5,1,25,1,1,1,0,0,0,0,0,0,1,1,1,9.44521330235
98,6,1.1,25,0,1,1,9,0.879765395894428,1,0.105263157894737,1,0,1,1,1,8.12708524737
98,7,0.9,80,0,1,1,14,1.36852394916911,0,0,0,0,1,1,1,16.9830272322
98,8,1,80,0,1,1,8,0.782013685239492,0,0,0,0,1,1,1,13.7200372386
98,9,1.1,80,0,1,1,8,0.782013685239492,0,0,0,0,1,1,1,11.7201929002
99,1,0.9,-20,0,1,1,12,1.17302052785924,0,0,0,0,1,1,1,8.27499763133
99,2,1,-20,0,1,1,15,1.46627565982405,2,0.210526315789474,2,0,1,1,1,6.84965337619
99,3,1.1,-20,0,1,1,24,2.34604105571848,6,0.631578947368421,6,0,1,1,1,5.96955669355
99,4,0.9,25,0,1,1,6,0.586510263929619,0,0,0,0,1,1,1,11.8882550568
99,5,1,25,1,1,1,0,0,0,0,0,0,1,1,1,9.60388576443
99,6,1.1,25,0,1,1,7,0.684261974584555,0,0,0,0,1,1,1,8.22867270406
99,7,0.9,80,0,1,1,9,0.879765395894428,0,0,0,0,1,1,1,17.5062744598
99,8,1,80,0,1,1,7,0.684261974584555,0,0,0,0,1,1,1,14.0053810461
99,9,1.1,80,0,1,1,5,0.488758553274682,0,0,0,0,1,1,1,11.9050954641
100,1,0.9,-20,0,1,0,14,1.36852394916911,NaN,NaN,NaN,NaN,NaN,NaN,0,8.26394013975
100,2,1,-20,0,1,0,21,2.05278592375367,NaN,NaN,NaN,NaN,NaN,NaN,0,6.86320096432
100,3,1.1,-20,0,1,0,28,2.73704789833822,NaN,NaN,NaN,NaN,NaN,NaN,0,5.993862198
100,4,0.9,25,0,1,0,14,1.36852394916911,NaN,NaN,NaN,NaN,NaN,NaN,0,11.8147798125
100,5,1,25,1,1,0,0,0,NaN,NaN,NaN,NaN,NaN,NaN,0,9.59992744623
100,6,1.1,25,0,1,0,9,0.879765395894428,NaN,NaN,NaN,NaN,NaN,NaN,0,8.24398769686
100,7,0.9,80,0,1,0,14,1.36852394916911,NaN,NaN,NaN,NaN,NaN,NaN,0,17.3485703256
100,8,1,80,0,1,0,3,0.293255131964809,NaN,NaN,NaN,NaN,NaN,NaN,0,13.9759200308
100,9,1.1,80,0,1,0,5,0.488758553274682,NaN,NaN,NaN,NaN,NaN,NaN,0,11.9129397516
