Chip,Seed,Mean_DVN_V,Std_DVN_V,Min_DVN_V,Max_DVN_V,Mean_DVP_V,Std_DVP_V,Min_DVP_V,Max_DVP_V
1,20260717,0.00267622706002064,0.0462157410677008,-0.167213313712616,0.127235245104055,-0.000776372929700233,0.04921528722863,-0.138692254529021,0.156062567915828
2,20260718,-0.000313954662578333,0.0477652712706346,-0.161231054558336,0.140935838713378,0.00247287411725247,0.047964359446654,-0.1599957746982,0.150563869186157
3,20260719,2.85624976411739e-05,0.04708203699742,-0.13739135160642,0.150285932194595,-0.00085945435686738,0.0480317328015938,-0.144407688749686,0.135341895814774
4,20260720,0.000133558551545833,0.0453080716301245,-0.126216679247658,0.134400150704234,0.0012442082929377,0.0480456948419331,-0.151815952049213,0.160221659046922
5,20260721,-0.00206086253675473,0.0470605936523073,-0.152239359819982,0.206495794642117,-0.00261028893669419,0.0499207460072041,-0.152764879476153,0.140888141579479
6,20260722,-0.00202204461152326,0.0463876225694073,-0.130347492708386,0.17423649835903,-0.00137253414074288,0.0491035755146173,-0.165028472338777,0.159981821170329
7,20260723,0.000453094857466532,0.0465870987003503,-0.161826776318585,0.125981556979043,-0.000661954752262643,0.0500976015127411,-0.174912212839231,0.148527716334687
8,20260724,-0.000896721335351313,0.0458993296227796,-0.125692581457342,0.139968406932988,-0.000895943365156043,0.049698112550124,-0.142719354550159,0.132217336459751
9,20260725,0.000968619970632591,0.0461233051529976,-0.15228248589312,0.170394038149792,0.000941236040393722,0.0498996554648925,-0.130353577721187,0.161788411741799
10,20260726,-0.0023812589997471,0.0464595131318141,-0.138007638559274,0.138185867241636,0.000467440478686845,0.050477974211043,-0.141434947827149,0.14427380652068
11,20260727,-0.000374511197408765,0.0474719852328272,-0.138706030114257,0.150924496325909,0.00160131123952456,0.0490698040015533,-0.192238359147246,0.165129666562182
12,20260728,0.000687427950479041,0.0450969821655334,-0.132045938489369,0.130217555589282,-0.000361898201112001,0.0472938238071916,-0.125988866662074,0.145702816789137
13,20260729,-0.000959702396710393,0.0452456897146065,-0.133006680341114,0.111155140838967,0.00122481249910679,0.048217632151645,-0.145951784843352,0.145775966575347
14,20260730,-0.00125800230527638,0.0468641271742849,-0.146593427349262,0.159939133539565,-0.000232512896319898,0.0490950301640961,-0.153818936777992,0.16424392315573
15,20260731,-0.00149934990736825,0.0462811243780881,-0.16447764032338,0.151294684045949,0.000927769121562095,0.0484971763098436,-0.178971187950098,0.164353920061355
16,20260732,-0.00118801567679954,0.0453637468564597,-0.130503457848543,0.137839220216075,-0.00113256946283066,0.0481248444634374,-0.153706043650969,0.147273890350118
17,20260733,0.000102614917831294,0.0462998991241223,-0.143072015584781,0.133893889737135,-0.00154596851975294,0.0494000248962121,-0.236680687214408,0.164676745504764
18,20260734,-0.00112155551574293,0.0469649341449221,-0.149508283629586,0.147545965168149,-0.00361948317602424,0.0510273460036305,-0.143145008092337,0.190404846234269
19,20260735,0.000555177935461957,0.0447846257535157,-0.152668520716422,0.151818418967245,-0.00116604695782072,0.0475006402192642,-0.140907966666631,0.132493785613293
20,20260736,-0.00124414789493184,0.0461413369463106,-0.144301139454031,0.150582603918539,0.000362899921962474,0.0468130386202453,-0.132663830819574,0.163408310030935
21,20260737,0.00260976955538082,0.0446885455904024,-0.134704117813118,0.14856162380372,-0.00116709705973666,0.0477023079497723,-0.141794271399308,0.171376215496833
22,20260738,0.00239281532004375,0.0465423467552011,-0.123061314433621,0.133104119786408,-9.48312541182151e-06,0.0502660799294906,-0.161160362356742,0.155485448833865
23,20260739,0.00152801254587159,0.044475706741369,-0.15361392767854,0.158224128286827,4.7904485428209e-05,0.0500164296197461,-0.15492379396814,0.139997082258995
24,20260740,0.00347509575573126,0.0472380826048369,-0.137920369151433,0.151448023745837,0.00298372515405459,0.048707273832299,-0.152402533648277,0.145568624618702
25,20260741,0.00071859951362119,0.0491445668238689,-0.136258524448529,0.159532152821015,-6.24562598045249e-05,0.0500708584712616,-0.17247862737876,0.160355947149093
26,20260742,0.00169846347690318,0.0469325097720919,-0.138255498403023,0.145440062864641,0.000201199379596651,0.0475037945789374,-0.152075834809427,0.136901984974341
27,20260743,-0.000502866621796922,0.047304285526943,-0.171291034650107,0.163093779557733,-0.00123287743423818,0.0487529804763344,-0.173135416830156,0.187161754263085
28,20260744,-0.000408877492068084,0.0450980111504557,-0.134698655816155,0.13428386027954,-0.00264811017762647,0.049251477959218,-0.187365991516136,0.164297979847215
29,20260745,0.000716581675963331,0.0467688817456041,-0.145252623614698,0.186789245235811,-0.00122456955565774,0.0490726615259728,-0.139604313960987,0.14692145056586
30,20260746,0.00214146152454278,0.0467417013193171,-0.137495011900674,0.152354509762866,0.00115937370338094,0.0497194401315798,-0.171692758138622,0.140629351215962
31,20260747,0.00397186705865993,0.0488896908561311,-0.166281758476799,0.157881727093492,-0.00233197458425376,0.0497676134454786,-0.163707147848534,0.153820490278667
32,20260748,-0.00128700981886663,0.04603740216136,-0.136415566696316,0.147428532826309,-0.00177809089249897,0.0498946862612991,-0.148299318036302,0.160238766020486
33,20260749,-0.000516899423373277,0.0466489044343551,-0.142501512543491,0.155006743489733,-0.000989829750263831,0.0508452885575727,-0.170692365989609,0.168902578716596
34,20260750,-0.00244515763043985,0.044924438968589,-0.13817458037182,0.158030075626399,0.000268451053007223,0.0501887460430179,-0.177468410642751,0.176630432105764
35,20260751,0.00213463883972394,0.0477132999845876,-0.147689412644107,0.182098955675467,-0.0014517395846934,0.0493801139302822,-0.152718033921347,0.149023376552699
36,20260752,-0.00136777667946709,0.0460436066664126,-0.134681703884706,0.151058416877442,-0.00275875399779032,0.0485764526670505,-0.146138344855486,0.177954213300517
37,20260753,0.00211911750026849,0.0444676498089321,-0.145110835430199,0.182075352360508,0.0013374625247637,0.0488672619816359,-0.194055355965017,0.156373141143935
38,20260754,-0.00103319916286427,0.0464358671766231,-0.126798595559258,0.138851203635846,-0.00105146217570321,0.0475615254991501,-0.145736070052161,0.166883320090486
39,20260755,-0.000795460397124695,0.0475560517326154,-0.164636693373538,0.170111124212506,-0.000402698531280389,0.0492863487719287,-0.136897053140654,0.14649212339751
40,20260756,0.000618357911338222,0.047350722411435,-0.139430182823583,0.162358920920513,-0.00210454444049797,0.047454212240142,-0.132451381301368,0.153400559137724
41,20260757,0.000186226276799807,0.0457706718734833,-0.15709284791104,0.133098341615658,-0.00143353371990783,0.046985225164887,-0.154188883444267,0.155150230334719
42,20260758,-0.00218315143245664,0.0457171338756126,-0.142217174012784,0.139232678896014,0.00272291586971462,0.0498835174152546,-0.150165589381268,0.150152949897295
43,20260759,0.000409207675759122,0.0447455812422541,-0.157103213759498,0.132268283264647,0.00180227483160762,0.0482209138432239,-0.130643072644061,0.164612918671813
44,20260760,-0.00154070620356171,0.0455195789103664,-0.120686147583261,0.193058158889646,0.00382048701873636,0.0498024367547551,-0.150124343435391,0.124945809315799
45,20260761,0.00115124276569154,0.0473919145655569,-0.139891783728366,0.161639365273403,0.000522096674355169,0.0494579918832934,-0.156607874097809,0.161157320485601
46,20260762,0.000417220836096212,0.0485125793565175,-0.148480393019545,0.162919552726016,0.000570480702011596,0.0479051985291048,-0.155963655536397,0.146734239439561
47,20260763,0.000765240655178515,0.0466347186546313,-0.12724852534374,0.1461167890493,-0.000603537698407447,0.0499034232472476,-0.141809653185681,0.161453671075965
48,20260764,0.000883486659278637,0.0480101878881263,-0.135534986230009,0.153347393283568,0.00105990458894875,0.048701723566767,-0.141352681338225,0.136804489386362
49,20260765,0.000713452819328431,0.0469145470797988,-0.157381986041374,0.17570961759647,0.000927485136144028,0.0480474228486864,-0.125591311567125,0.162745824248863
50,20260766,0.00175187466481639,0.0462901740096768,-0.141294193329696,0.139187721825057,-0.000908492589143218,0.0486950422448264,-0.161156494932267,0.180947937548954
51,20260767,0.00199606056497045,0.0487227087839892,-0.149797620591126,0.170318347148746,-0.000499234254036953,0.049464094668269,-0.142348457616641,0.138767370627485
52,20260768,-0.0023197925385781,0.0476123021705858,-0.144114090224381,0.158943133902536,0.000246399682859075,0.0498447299981829,-0.146325283677105,0.174885264981428
53,20260769,0.00025251622524234,0.0461887841300378,-0.123329566019405,0.14603600289636,-0.000222726629585378,0.0502288119552124,-0.164805635790391,0.149067378700455
54,20260770,0.00215695775328772,0.0480778756504292,-0.139767914111562,0.168055309961864,0.000982133801779791,0.0504741518662867,-0.145378375775687,0.168064873367272
55,20260771,-0.00174245519425493,0.047639042368272,-0.137734334391851,0.148062360229304,0.00203969241515846,0.0494274873507559,-0.165169414162268,0.147416886182509
56,20260772,-0.000843178363626998,0.0476426673552541,-0.152591508197221,0.136980330450562,-0.00108428624072031,0.0494746985961709,-0.169751288237581,0.137646708253889
57,20260773,-0.000490095086764056,0.0492912959226906,-0.149623597897272,0.153039448727119,-0.000926967517538222,0.049899527633352,-0.161010828341802,0.132419658162852
58,20260774,0.000802736844221414,0.045178817815637,-0.146599004764055,0.14174091328879,0.000674603179889244,0.0476503041163541,-0.160867607235468,0.167213171483317
59,20260775,0.00136086280422929,0.0487516749922426,-0.141855016505037,0.145650795864318,9.9715868138817e-05,0.0486556860538929,-0.140809714205327,0.187899626643911
60,20260776,0.00157359379381067,0.0483849520954826,-0.131506677221463,0.163725222230869,-0.00026144470627401,0.0487760491773874,-0.173703773633455,0.164800262600115
61,20260777,-0.00332304522833249,0.0476618603035102,-0.149066502641863,0.173219068121223,0.00278083442347799,0.0492368457594008,-0.206526102123094,0.144931006406796
62,20260778,-0.000220325296338914,0.0459100416519327,-0.154336442028794,0.169919285951315,-0.000570583171972796,0.0499142643337994,-0.155862487270106,0.179802535566274
63,20260779,4.824295994951e-05,0.0469583382369619,-0.148853574880588,0.146540378207364,-0.000950935834533221,0.0480324070516576,-0.136932513854437,0.191303430488395
64,20260780,0.000339019986252825,0.0475259977791908,-0.169119618955009,0.144978351765799,0.000584240063819385,0.0491761607451751,-0.22793083657733,0.180288198766581
65,20260781,-0.000510834004513186,0.0474186974305971,-0.175300919874581,0.146345470857943,0.000514152967710319,0.0510656649609188,-0.164556216658151,0.16650731139829
66,20260782,-0.000189111481447303,0.0492056940707679,-0.134710717081774,0.16251515372531,-0.00166691901884781,0.0491489488074029,-0.158084828729672,0.152588865482904
67,20260783,-0.00360495613356778,0.0454853193059354,-0.135529555238544,0.166285778494633,-0.00323522521547486,0.0480452774248563,-0.143430007410915,0.202008190831541
68,20260784,0.00105278573431921,0.0455149609627063,-0.139148388440368,0.132426230862951,-0.00344257687979436,0.0502156126414766,-0.164739453244545,0.16417297870891
69,20260785,0.00252097175987544,0.0476201155100477,-0.149901450124087,0.161405511615537,-8.31065502581688e-05,0.0489641089864786,-0.139421851886398,0.167874584759065
70,20260786,0.00212007838986858,0.0468352173825748,-0.168435437881968,0.201333472591353,-0.000785985217099607,0.0489978392419434,-0.188169765782814,0.145865016865409
71,20260787,-0.00260303608335945,0.0489313669562545,-0.137857166800697,0.176038375023097,-0.000728513170766985,0.04941472490424,-0.154671310612935,0.146346848823962
72,20260788,-0.000615516846915497,0.0465537904243459,-0.160078746777109,0.135746626526172,0.00174413965957214,0.0489353841753433,-0.143219954456759,0.171568310373503
73,20260789,-0.000840037637153572,0.0455754198635632,-0.140773024643319,0.147970388307461,-0.00319717808856352,0.048968972262781,-0.150318199372665,0.154039177810247
74,20260790,-0.000873910490924469,0.0483972502735676,-0.140017905745793,0.177616182788686,-0.00161240535538401,0.0494820900486715,-0.146809240508151,0.14892626188155
75,20260791,-0.000274906340213453,0.0443211323059544,-0.146529379526376,0.143230375128007,-0.000210671772040598,0.0487867143082561,-0.144239087818238,0.13821751059379
76,20260792,0.00244118289656887,0.0456012373035094,-0.154022589295976,0.161543590439164,0.000409511048390982,0.0473940831748684,-0.147347778353717,0.131505812750583
77,20260793,0.00233528311600409,0.0466109905663721,-0.156930947540406,0.161499614093439,-0.000222360083984199,0.048696479786639,-0.154354290639154,0.179867743618903
78,20260794,-0.00044521808197572,0.0484691297339464,-0.188893924599116,0.143983281043602,0.00218832500164626,0.0500593028573352,-0.15397080270851,0.211282893509257
79,20260795,0.0035422359113961,0.0455996811284474,-0.129521272305442,0.154694058878944,0.000261402083760325,0.047618107335642,-0.139996618523245,0.142212797716873
80,20260796,0.000175867911499414,0.0458990461295771,-0.149138577614917,0.128142895017588,0.00252829079035149,0.0491370104611487,-0.126253713752634,0.146194086074991
81,20260797,0.00235377129252891,0.0456089456304195,-0.15084568578282,0.148827787152459,-0.000206116673373484,0.047952648983766,-0.142953027694762,0.145986388736035
82,20260798,-0.000543479768414151,0.047236232933974,-0.160053602340712,0.143239142547765,0.000266622743513648,0.0468655541244841,-0.165125280702205,0.166964105402129
83,20260799,-0.00441991811633597,0.0455859563993976,-0.201400641285749,0.12122661143029,-0.000628386594387659,0.0496039922443566,-0.172861036682272,0.139376205644623
84,20260800,-0.00156167399351013,0.0475411964709026,-0.136419460081483,0.162473465537975,0.00195548844181334,0.0488659058390144,-0.161512726124462,0.164052676435986
85,20260801,-0.000122826247434234,0.0463299095694862,-0.150451346349287,0.143302715510291,-0.00221493738448486,0.0482716348173769,-0.141171455130962,0.174432515957207
86,20260802,0.00251473766752667,0.0448688467851204,-0.131984930515168,0.122650574407762,-0.00144591133749468,0.0484730934145842,-0.156309873825726,0.156947061049967
87,20260803,-5.59362704464797e-05,0.0440736366577038,-0.190463482744517,0.154219964947774,0.000142460029578403,0.0471712605970423,-0.165432315492538,0.125841387655743
88,20260804,-0.000132985937077182,0.0467339635451797,-0.144915103047696,0.168308406382446,0.00237428293862576,0.0492905346848141,-0.132593708776918,0.150707906492464
89,20260805,0.00117712768063549,0.0482901971367093,-0.156332139415911,0.165586320714529,0.00129905826474502,0.0469884905288304,-0.118894273680324,0.137690096254371
90,20260806,-0.00203762480044316,0.0471876706150656,-0.13909574704701,0.143697830881525,0.000915856133402537,0.048368782012551,-0.173288231126307,0.187499092110571
91,20260807,0.000919416534559028,0.047374325194712,-0.161740685790154,0.140708705939738,0.000597951954974213,0.0494768462623986,-0.156346752802978,0.176428912053536
92,20260808,-0.000269910290869255,0.048140437037848,-0.16635511918764,0.138308012894103,-0.00239041054593693,0.0474777408357932,-0.151998688886585,0.185225129194422
93,20260809,-0.00169557660368186,0.0470138823573975,-0.12683793895781,0.166762467948991,0.000431044072384663,0.049102231188645,-0.159281139473576,0.163560131111472
94,20260810,0.00136231973047573,0.047024467666651,-0.129903032001477,0.189595073098791,-0.000636458796466184,0.0487251861137339,-0.143818573086189,0.134096978799866
95,20260811,0.00094050824909659,0.0457535492670766,-0.136446667826823,0.1554595814939,-0.00228944561548913,0.0500557429319266,-0.191322667164108,0.167634061045861
96,20260812,0.00256528825829686,0.0471607752402224,-0.146219351623619,0.20735590589225,-0.0018859589288712,0.0505013417214779,-0.167660870650531,0.128401430072217
97,20260813,0.000180011595485422,0.046753445157441,-0.153770052779906,0.143088597499558,0.000954423307402512,0.0493092196772829,-0.136825030325576,0.164297671829462
98,20260814,0.000192117917889322,0.0470768493523858,-0.148363461418227,0.148941716494993,0.0014187901516994,0.0478810444163056,-0.159930670133598,0.204304048781523
99,20260815,0.000386201852574899,0.0467385437541822,-0.148252907123711,0.132113373855074,0.000729496636822457,0.0492045601355316,-0.17996000611989,0.143267413593952
100,20260816,0.000474661939306957,0.0459771157728366,-0.164740342130145,0.136632813075394,0.00109368016829386,0.0495433152062884,-0.159222682058658,0.155304736398593
