challenge_index,bit_alias_percent
0,51
1,50
2,57
3,45
4,57
5,55
6,44
7,49
8,43
9,47
10,48
11,49
12,53
13,51
14,45
15,53
16,44
17,53
18,52
19,50
20,58
21,47
22,54
23,47
24,43
25,49
26,47
27,51
28,50
29,53
30,52
31,55
32,61
33,55
34,53
35,47
36,53
37,51
38,48
39,43
40,53
41,46
42,49
43,50
44,44
45,46
46,64
47,52
48,58
49,44
50,51
51,47
52,44
53,47
54,52
55,51
56,44
57,47
58,40
59,49
60,53
61,46
62,50
63,51
64,51
65,50
66,57
67,58
68,53
69,53
70,50
71,48
72,46
73,47
74,50
75,49
76,55
77,55
78,48
79,49
80,43
81,54
82,52
83,52
84,46
85,51
86,56
87,45
88,57
89,57
90,49
91,46
92,49
93,48
94,49
95,53
96,50
97,53
98,52
99,43
100,47
101,45
102,42
103,45
104,53
105,51
106,48
107,44
108,56
109,57
110,55
111,45
112,43
113,44
114,51
115,48
116,43
117,45
118,52
119,51
120,44
121,56
122,58
123,51
124,45
125,49
126,46
127,62
128,47
129,57
130,50
131,46
132,61
133,50
134,49
135,46
136,48
137,50
138,47
139,55
140,54
141,51
142,47
143,53
144,51
145,56
146,44
147,55
148,44
149,53
150,55
151,48
152,53
153,47
154,47
155,45
156,42
157,53
158,54
159,47
160,47
161,47
162,50
163,48
164,51
165,47
166,43
167,49
168,46
169,47
170,53
171,58
172,51
173,52
174,51
175,46
176,50
177,48
178,50
179,59
180,43
181,51
182,54
183,48
184,49
185,54
186,48
187,50
188,44
189,54
190,48
191,59
192,54
193,57
194,57
195,42
196,51
197,55
198,50
199,51
200,52
201,51
202,38
203,50
204,50
205,51
206,55
207,49
208,51
209,52
210,44
211,44
212,46
213,52
214,48
215,58
216,47
217,55
218,43
219,56
220,53
221,51
222,56
223,41
224,47
225,42
226,43
227,55
228,58
229,53
230,61
231,45
232,51
233,48
234,54
235,47
236,43
237,53
238,44
239,53
240,48
241,47
242,50
243,51
244,58
245,50
246,55
247,45
248,46
249,52
250,51
251,50
252,47
253,52
254,43
255,47
256,46
257,45
258,50
259,41
260,47
261,53
262,49
263,55
264,52
265,47
266,49
267,38
268,42
269,52
270,54
271,53
272,51
273,48
274,49
275,46
276,58
277,51
278,48
279,51
280,57
281,39
282,44
283,46
284,49
285,48
286,49
287,53
288,47
289,57
290,51
291,48
292,52
293,48
294,51
295,46
296,44
297,49
298,50
299,50
300,53
301,45
302,53
303,52
304,46
305,47
306,53
307,45
308,47
309,53
310,44
311,50
312,48
313,56
314,54
315,51
316,58
317,54
318,43
319,47
320,58
321,50
322,55
323,54
324,43
325,55
326,54
327,50
328,46
329,57
330,47
331,50
332,47
333,48
334,43
335,50
336,51
337,53
338,53
339,43
340,50
341,55
342,46
343,59
344,50
345,55
346,43
347,53
348,52
349,47
350,55
351,50
352,51
353,49
354,59
355,48
356,46
357,53
358,54
359,59
360,53
361,44
362,54
363,51
364,43
365,45
366,54
367,57
368,51
369,50
370,52
371,41
372,53
373,50
374,47
375,48
376,55
377,50
378,44
379,48
380,45
381,53
382,49
383,44
384,48
385,55
386,49
387,42
388,53
389,47
390,49
391,44
392,45
393,47
394,51
395,52
396,45
397,49
398,45
399,48
400,58
401,59
402,51
403,43
404,55
405,46
406,55
407,48
408,56
409,50
410,41
411,52
412,53
413,51
414,51
415,49
416,49
417,51
418,54
419,52
420,49
421,53
422,50
423,56
424,38
425,44
426,45
427,51
428,52
429,46
430,51
431,55
432,61
433,49
434,44
435,49
436,56
437,48
438,56
439,51
440,52
441,49
442,43
443,51
444,44
445,44
446,50
447,43
448,51
449,59
450,55
451,51
452,48
453,54
454,54
455,57
456,48
457,52
458,53
459,48
460,56
461,52
462,44
463,56
464,47
465,51
466,48
467,50
468,49
469,39
470,49
471,43
472,54
473,54
474,55
475,47
476,47
477,48
478,44
479,55
480,46
481,47
482,45
483,48
484,45
485,53
486,50
487,46
488,48
489,52
490,33
491,47
492,53
493,46
494,52
495,55
496,54
497,49
498,52
499,48
500,52
501,54
502,47
503,49
504,51
505,42
506,51
507,54
508,44
509,46
510,54
511,50
512,54
513,47
514,44
515,40
516,49
517,50
518,47
519,54
520,56
521,52
522,43
523,47
524,62
525,49
526,54
527,46
528,45
529,48
530,51
531,60
532,50
533,54
534,59
535,52
536,50
537,54
538,46
539,55
540,54
541,50
542,59
543,53
544,44
545,56
546,46
547,50
548,48
549,52
550,44
551,52
552,54
553,50
554,54
555,56
556,43
557,58
558,46
559,48
560,53
561,55
562,47
563,46
564,48
565,45
566,41
567,52
568,46
569,49
570,51
571,55
572,44
573,47
574,49
575,53
576,55
577,58
578,40
579,52
580,55
581,42
582,49
583,48
584,48
585,57
586,55
587,44
588,59
589,45
590,46
591,51
592,54
593,38
594,49
595,50
596,48
597,52
598,47
599,53
600,51
601,50
602,62
603,48
604,47
605,44
606,49
607,49
608,48
609,51
610,52
611,53
612,46
613,48
614,50
615,45
616,49
617,55
618,51
619,51
620,53
621,49
622,48
623,55
624,55
625,47
626,51
627,53
628,45
629,44
630,59
631,57
632,42
633,47
634,53
635,55
636,53
637,49
638,50
639,53
640,45
641,48
642,56
643,61
644,53
645,51
646,46
647,55
648,53
649,53
650,53
651,52
652,48
653,52
654,56
655,59
656,55
657,46
658,50
659,47
660,56
661,50
662,44
663,52
664,54
665,41
666,48
667,47
668,48
669,55
670,51
671,62
672,61
673,52
674,54
675,48
676,46
677,48
678,43
679,46
680,58
681,45
682,52
683,54
684,50
685,53
686,55
687,53
688,51
689,51
690,48
691,47
692,54
693,53
694,53
695,55
696,45
697,48
698,58
699,50
700,51
701,52
702,44
703,47
704,47
705,51
706,51
707,53
708,50
709,53
710,56
711,52
712,50
713,56
714,55
715,54
716,52
717,52
718,57
719,48
720,46
721,62
722,53
723,53
724,44
725,49
726,52
727,52
728,56
729,54
730,47
731,50
732,46
733,56
734,46
735,49
736,43
737,58
738,46
739,45
740,48
741,53
742,44
743,44
744,54
745,38
746,50
747,49
748,50
749,42
750,40
751,57
752,51
753,50
754,43
755,58
756,43
757,43
758,52
759,53
760,45
761,57
762,45
763,60
764,44
765,49
766,50
767,40
768,42
769,51
770,51
771,45
772,50
773,51
774,51
775,54
776,47
777,43
778,53
779,48
780,44
781,38
782,50
783,54
784,51
785,53
786,52
787,50
788,49
789,47
790,53
791,43
792,49
793,61
794,51
795,52
796,56
797,46
798,44
799,51
800,53
801,46
802,46
803,55
804,56
805,39
806,44
807,54
808,47
809,51
810,44
811,61
812,45
813,54
814,49
815,49
816,45
817,51
818,44
819,41
820,49
821,47
822,54
823,48
824,49
825,50
826,44
827,48
828,50
829,49
830,63
831,57
832,48
833,54
834,49
835,45
836,51
837,42
838,55
839,45
840,54
841,47
842,44
843,50
844,43
845,53
846,47
847,52
848,55
849,36
850,52
851,44
852,48
853,44
854,52
855,47
856,47
857,55
858,59
859,50
860,50
861,49
862,47
863,54
864,42
865,57
866,51
867,50
868,43
869,60
870,52
871,49
872,47
873,55
874,53
875,46
876,60
877,55
878,53
879,54
880,55
881,55
882,49
883,46
884,55
885,55
886,49
887,51
888,51
889,53
890,48
891,55
892,54
893,50
894,48
895,47
896,51
897,49
898,46
899,52
900,57
901,44
902,46
903,47
904,58
905,42
906,58
907,51
908,50
909,48
910,50
911,50
912,45
913,52
914,51
915,50
916,48
917,53
918,49
919,58
920,55
921,41
922,55
923,53
924,46
925,49
926,48
927,47
928,47
929,60
930,54
931,52
932,52
933,48
934,63
935,45
936,48
937,52
938,44
939,40
940,43
941,58
942,51
943,56
944,48
945,57
946,47
947,51
948,55
949,47
950,47
951,51
952,52
953,40
954,48
955,58
956,48
957,61
958,54
959,50
960,49
961,53
962,49
963,49
964,52
965,45
966,52
967,47
968,45
969,49
970,54
971,62
972,61
973,46
974,41
975,49
976,51
977,54
978,49
979,47
980,51
981,52
982,51
983,54
984,51
985,44
986,49
987,54
988,51
989,50
990,55
991,54
992,53
993,48
994,54
995,42
996,54
997,53
998,42
999,60
1000,58
1001,53
1002,47
1003,51
1004,38
1005,47
1006,53
1007,52
1008,43
1009,41
1010,49
1011,49
1012,49
1013,50
1014,51
1015,62
1016,47
1017,47
1018,50
1019,45
1020,46
1021,47
1022,45
