step_id,vdd_v,temp_c,mean_raw_errors,median_raw_errors,worst_raw_errors,mean_selected_errors,median_selected_errors,p95_selected_errors,p99_selected_errors,worst_selected_errors,enrolled_attempts,successful_reconstructions,success_percent_among_enrolled,success_percent_out_of_100_devices
1,0.9,-20,13.96,14,25,0.351851851851852,0,2,2.94,4,54,54,100,54
2,1,-20,20.37,20.5,33,1.33333333333333,1,3.34999999999999,5.47,6,54,54,100,54
3,1.1,-20,25.85,25,38,3.46296296296296,3,6.34999999999999,8,8,54,54,100,54
4,0.9,25,11.74,12,22,0.296296296296296,0,1.34999999999999,2,2,54,54,100,54
5,1,25,0,0,0,0,0,0,0,0,54,54,100,54
6,1.1,25,7.33,7,16,0.0185185185185185,0,0,0.469999999999999,1,54,54,100,54
7,0.9,80,14.61,14,26,0.592592592592593,0,2,3,3,54,54,100,54
8,1,80,6.45,6,16,0,0,0,0,0,54,54,100,54
9,1.1,80,7.54,8,15,0,0,0,0,0,54,54,100,54
