chip_id,log_found,log_valid,failure_reason,positions_meeting_threshold,enrollment_success,selected_minimum_margin_percent,selected_median_margin_percent,selected_maximum_margin_percent,raw_worst_non_nominal_errors,raw_worst_non_nominal_ber_percent,raw_unstable_positions,selected_worst_non_nominal_errors,selected_worst_non_nominal_ber_percent,selected_conditions_exceeding_t,successful_non_nominal_reconstructions,device_all_non_nominal_success,all_conditions_key_match,latest_edge100_ns
1,1,1,,965,1,0.618108771880381,3.92614605609316,19.5018064652905,25,2.44379276637341,37,0,0,0,8,1,1,17.5280015576
2,1,1,,954,1,0.537605468428898,4.18709901133713,20.2439246524719,29,2.83479960899316,41,3,0.315789473684211,0,8,1,1,17.6670479724
3,1,1,,954,1,0.537609580737853,4.37772869228128,21.4209544584006,18,1.75953079178886,31,1,0.105263157894737,0,8,1,1,17.250911276
4,1,1,,956,1,0.539394113083697,4.41672599428698,21.5046892289859,27,2.63929618768328,49,3,0.315789473684211,0,8,1,1,17.4808680849
5,1,1,,950,1,0.500609548003511,4.44706679086473,21.2447669328087,25,2.44379276637341,47,3,0.315789473684211,0,8,1,1,17.8465915808
6,1,1,,941,0,NaN,NaN,NaN,27,2.63929618768328,51,NaN,NaN,NaN,0,0,0,17.8438558064
7,1,1,,949,0,NaN,NaN,NaN,25,2.44379276637341,52,NaN,NaN,NaN,0,0,0,17.6237289596
8,1,1,,944,0,NaN,NaN,NaN,22,2.1505376344086,45,NaN,NaN,NaN,0,0,0,16.7900603984
9,1,1,,949,0,NaN,NaN,NaN,24,2.34604105571848,51,NaN,NaN,NaN,0,0,0,17.8596233398
10,1,1,,965,1,0.604735668330107,4.47594445457421,17.4972016758058,21,2.05278592375367,45,2,0.210526315789474,0,8,1,1,17.4216894229
11,1,1,,957,1,0.551053901971154,3.92139310099152,17.2871718824965,21,2.05278592375367,45,3,0.315789473684211,0,8,1,1,17.3616147704
12,1,1,,964,1,0.57480162728066,4.10062226109027,18.6678774843243,28,2.73704789833822,41,8,0.842105263157895,0,8,1,1,17.083007137
13,1,1,,930,0,NaN,NaN,NaN,34,3.32355816226784,56,NaN,NaN,NaN,0,0,0,17.6125826758
14,1,1,,953,1,0.541491960917627,4.24062744942439,21.0649146801345,23,2.24828934506354,38,1,0.105263157894737,0,8,1,1,18.393203253
15,1,1,,948,0,NaN,NaN,NaN,27,2.63929618768328,51,NaN,NaN,NaN,0,0,0,17.88619128
16,1,1,,948,0,NaN,NaN,NaN,33,3.2258064516129,53,NaN,NaN,NaN,0,0,0,17.8758316135
17,1,1,,952,1,0.54409748179607,4.51077383326842,19.0754496385767,25,2.44379276637341,49,2,0.210526315789474,0,8,1,1,17.5879531898
18,1,1,,960,1,0.571764439494909,4.53787434400217,19.5891972945005,25,2.44379276637341,37,4,0.421052631578947,0,8,1,1,17.5724220791
19,1,1,,952,1,0.507886640553648,3.79076012166726,21.9727300307251,29,2.83479960899316,48,3,0.315789473684211,0,8,1,1,17.6610034877
20,1,1,,965,1,0.574652711305573,4.44440681256279,20.4765643145216,20,1.95503421309873,39,2,0.210526315789474,0,8,1,1,17.748614887
21,1,1,,935,0,NaN,NaN,NaN,24,2.34604105571848,49,NaN,NaN,NaN,0,0,0,16.9410074226
22,1,1,,947,0,NaN,NaN,NaN,24,2.34604105571848,49,NaN,NaN,NaN,0,0,0,17.3239258749
23,1,1,,953,1,0.523429272247211,4.28995903698848,19.9918721840425,31,3.03030303030303,58,5,0.526315789473684,0,8,1,1,17.1749328288
24,1,1,,936,0,NaN,NaN,NaN,26,2.54154447702835,48,NaN,NaN,NaN,0,0,0,16.989451427
25,1,1,,942,0,NaN,NaN,NaN,27,2.63929618768328,51,NaN,NaN,NaN,0,0,0,17.9334456146
26,1,1,,948,0,NaN,NaN,NaN,32,3.12805474095797,51,NaN,NaN,NaN,0,0,0,17.5982769205
27,1,1,,940,0,NaN,NaN,NaN,32,3.12805474095797,59,NaN,NaN,NaN,0,0,0,17.7054157308
28,1,1,,960,1,0.581058597360226,4.47807572090107,26.2471454084402,20,1.95503421309873,42,4,0.421052631578947,0,8,1,1,18.5879983039
29,1,1,,950,1,0.506197648793053,4.15825974675257,16.3928702451435,31,3.03030303030303,50,5,0.526315789473684,0,8,1,1,17.3567990632
30,1,1,,951,1,0.517899162133558,4.40555903621737,19.4587334511853,29,2.83479960899316,50,7,0.736842105263158,0,8,1,1,17.2254652947
31,1,1,,948,0,NaN,NaN,NaN,31,3.03030303030303,60,NaN,NaN,NaN,0,0,0,16.9200967851
32,1,1,,940,0,NaN,NaN,NaN,32,3.12805474095797,50,NaN,NaN,NaN,0,0,0,17.1695617414
33,1,1,,963,1,0.572926160510735,4.23843563544282,16.2349227280341,24,2.34604105571848,44,3,0.315789473684211,0,8,1,1,17.0347113373
34,1,1,,956,1,0.566874143389563,3.78931722555169,21.809337106696,19,1.85728250244379,34,2,0.210526315789474,0,8,1,1,18.4673765273
35,1,1,,951,1,0.514179252544968,4.05818135395786,21.4553146552654,19,1.85728250244379,45,2,0.210526315789474,0,8,1,1,17.2538372043
36,1,1,,937,0,NaN,NaN,NaN,35,3.42130987292278,62,NaN,NaN,NaN,0,0,0,17.042173
37,1,1,,942,0,NaN,NaN,NaN,32,3.12805474095797,56,NaN,NaN,NaN,0,0,0,17.2473904801
38,1,1,,934,0,NaN,NaN,NaN,26,2.54154447702835,52,NaN,NaN,NaN,0,0,0,16.8185016017
39,1,1,,946,0,NaN,NaN,NaN,29,2.83479960899316,57,NaN,NaN,NaN,0,0,0,16.7977786685
40,1,1,,946,0,NaN,NaN,NaN,23,2.24828934506354,43,NaN,NaN,NaN,0,0,0,17.3180078815
41,1,1,,941,0,NaN,NaN,NaN,30,2.93255131964809,48,NaN,NaN,NaN,0,0,0,16.6514494751
42,1,1,,958,1,0.563187727735406,4.25561685426769,17.891429145337,24,2.34604105571848,41,4,0.421052631578947,0,8,1,1,17.1244769472
43,1,1,,932,0,NaN,NaN,NaN,34,3.32355816226784,57,NaN,NaN,NaN,0,0,0,17.0088694349
44,1,1,,948,0,NaN,NaN,NaN,28,2.73704789833822,55,NaN,NaN,NaN,0,0,0,17.0461553808
45,1,1,,956,1,0.556426347226223,4.2116623027428,22.0998537969992,20,1.95503421309873,41,2,0.210526315789474,0,8,1,1,18.549079049
46,1,1,,962,1,0.556694098612701,4.50906223507929,20.2224624572412,17,1.66177908113392,32,2,0.210526315789474,0,8,1,1,17.7663357258
47,1,1,,961,1,0.569991737721764,3.87021513193735,18.5950787559826,24,2.34604105571848,45,4,0.421052631578947,0,8,1,1,16.9208158484
48,1,1,,972,1,0.629352501120199,4.36175940243466,18.5817272169875,22,2.1505376344086,36,1,0.105263157894737,0,8,1,1,17.3833804211
49,1,1,,942,0,NaN,NaN,NaN,33,3.2258064516129,54,NaN,NaN,NaN,0,0,0,17.1576182932
50,1,1,,929,0,NaN,NaN,NaN,26,2.54154447702835,61,NaN,NaN,NaN,0,0,0,16.8307823112
51,1,1,,951,1,0.510867798391785,4.17229880394069,17.2489456687099,30,2.93255131964809,49,6,0.631578947368421,0,8,1,1,17.4091404069
52,1,1,,961,1,0.564821035492204,4.09132421824359,18.5776226390012,22,2.1505376344086,37,1,0.105263157894737,0,8,1,1,17.5396045402
53,1,1,,960,1,0.544947236554391,3.8518830554716,18.0504720618714,25,2.44379276637341,50,4,0.421052631578947,0,8,1,1,16.9521884964
54,1,1,,950,1,0.514489632294355,3.94967596238495,19.3846431175943,27,2.63929618768328,45,5,0.526315789473684,0,8,1,1,18.2462755099
55,1,1,,947,0,NaN,NaN,NaN,23,2.24828934506354,45,NaN,NaN,NaN,0,0,0,17.0489596483
56,1,1,,958,1,0.595742036809411,4.05389106028517,21.64628101083,32,3.12805474095797,51,4,0.421052631578947,0,8,1,1,18.129997444
57,1,1,,952,1,0.551899706352673,4.12418813101883,20.1469785568017,33,3.2258064516129,64,8,0.842105263157895,0,8,1,1,17.8731601723
58,1,1,,943,0,NaN,NaN,NaN,24,2.34604105571848,48,NaN,NaN,NaN,0,0,0,16.5600702725
59,1,1,,942,0,NaN,NaN,NaN,32,3.12805474095797,55,NaN,NaN,NaN,0,0,0,17.6846699653
60,1,1,,945,0,NaN,NaN,NaN,33,3.2258064516129,62,NaN,NaN,NaN,0,0,0,17.5930586142
61,1,1,,962,1,0.546418651768444,4.52558952181367,18.845564033078,24,2.34604105571848,40,2,0.210526315789474,0,8,1,1,17.743256726
62,1,1,,953,1,0.527433125754123,4.26055095166593,16.4460381970072,26,2.54154447702835,44,6,0.631578947368421,0,8,1,1,17.1347732757
63,1,1,,953,1,0.511096318224222,4.19900304389549,21.812556667279,21,2.05278592375367,43,6,0.631578947368421,0,8,1,1,17.3113218645
64,1,1,,948,0,NaN,NaN,NaN,34,3.32355816226784,54,NaN,NaN,NaN,0,0,0,18.0605940004
65,1,1,,965,1,0.640090114961589,4.25567249360374,17.4864892296179,25,2.44379276637341,45,3,0.315789473684211,0,8,1,1,17.2381655455
66,1,1,,958,1,0.591701510860295,4.41279511190865,20.7611432907839,20,1.95503421309873,42,5,0.526315789473684,0,8,1,1,17.7699875589
67,1,1,,957,1,0.548838662257477,4.27639128104524,17.8690307813813,24,2.34604105571848,52,3,0.315789473684211,0,8,1,1,17.4393718275
68,1,1,,951,1,0.504506293085931,4.44737276005228,18.1397010083397,15,1.46627565982405,35,2,0.210526315789474,0,8,1,1,17.3684825955
69,1,1,,935,0,NaN,NaN,NaN,34,3.32355816226784,54,NaN,NaN,NaN,0,0,0,17.8603167395
70,1,1,,942,0,NaN,NaN,NaN,34,3.32355816226784,60,NaN,NaN,NaN,0,0,0,17.5562938489
71,1,1,,944,0,NaN,NaN,NaN,23,2.24828934506354,44,NaN,NaN,NaN,0,0,0,17.0068056623
72,1,1,,956,1,0.571384863022623,4.54571116469568,19.7349654745853,21,2.05278592375367,44,5,0.526315789473684,0,8,1,1,17.8015912892
73,1,1,,955,1,0.536514032406798,4.07759675585474,18.9688733095732,29,2.83479960899316,49,2,0.210526315789474,0,8,1,1,17.3690623608
74,1,1,,947,0,NaN,NaN,NaN,25,2.44379276637341,57,NaN,NaN,NaN,0,0,0,17.9132199063
75,1,1,,959,1,0.597841746608177,4.45535607171167,16.0115506339887,14,1.36852394916911,31,1,0.105263157894737,0,8,1,1,17.2621084245
76,1,1,,946,0,NaN,NaN,NaN,27,2.63929618768328,55,NaN,NaN,NaN,0,0,0,16.8134040064
77,1,1,,943,0,NaN,NaN,NaN,29,2.83479960899316,50,NaN,NaN,NaN,0,0,0,17.1053918063
78,1,1,,942,0,NaN,NaN,NaN,30,2.93255131964809,56,NaN,NaN,NaN,0,0,0,16.9753703093
79,1,1,,957,1,0.530840272465328,3.31183012304649,18.3484848313667,18,1.75953079178886,32,3,0.315789473684211,0,8,1,1,16.5543790615
80,1,1,,933,0,NaN,NaN,NaN,33,3.2258064516129,54,NaN,NaN,NaN,0,0,0,16.8527461534
81,1,1,,952,1,0.505936859993931,3.99829217984567,17.511623284696,24,2.34604105571848,46,4,0.421052631578947,0,8,1,1,17.4510703267
82,1,1,,952,1,0.521235865326988,4.23330707562545,21.2133724255542,22,2.1505376344086,38,2,0.210526315789474,0,8,1,1,17.7026054296
83,1,1,,970,1,0.663158027247796,4.4965981838279,23.0836898171663,22,2.1505376344086,47,6,0.631578947368421,0,8,1,1,17.4019162122
84,1,1,,945,0,NaN,NaN,NaN,34,3.32355816226784,54,NaN,NaN,NaN,0,0,0,17.5858679288
85,1,1,,945,0,NaN,NaN,NaN,24,2.34604105571848,39,NaN,NaN,NaN,0,0,0,17.1035092565
86,1,1,,949,0,NaN,NaN,NaN,25,2.44379276637341,48,NaN,NaN,NaN,0,0,0,16.7741293432
87,1,1,,947,0,NaN,NaN,NaN,28,2.73704789833822,50,NaN,NaN,NaN,0,0,0,17.4019752288
88,1,1,,957,1,0.566352262820754,4.12032170281634,16.9305941049087,21,2.05278592375367,43,5,0.526315789473684,0,8,1,1,17.4232341129
89,1,1,,948,0,NaN,NaN,NaN,26,2.54154447702835,43,NaN,NaN,NaN,0,0,0,16.7258157286
90,1,1,,957,1,0.567833823016764,4.24958579838037,20.0000178153787,28,2.73704789833822,46,6,0.631578947368421,0,8,1,1,17.5117724242
91,1,1,,964,1,0.660328434260202,4.25785946028031,20.5913842407427,23,2.24828934506354,39,3,0.315789473684211,0,8,1,1,17.8009817277
92,1,1,,964,1,0.585660845343499,4.29534836274776,21.36536503228,21,2.05278592375367,39,4,0.421052631578947,0,8,1,1,17.8399289932
93,1,1,,948,0,NaN,NaN,NaN,26,2.54154447702835,55,NaN,NaN,NaN,0,0,0,16.7476217732
94,1,1,,962,1,0.627004605973788,4.46471644953641,22.1585771399027,15,1.46627565982405,33,1,0.105263157894737,0,8,1,1,18.035257197
95,1,1,,945,0,NaN,NaN,NaN,38,3.71456500488759,60,NaN,NaN,NaN,0,0,0,17.4744619843
96,1,1,,954,1,0.558470223037757,4.72560070784971,19.9093368076215,32,3.12805474095797,57,4,0.421052631578947,0,8,1,1,18.0394536883
97,1,1,,975,1,0.685359930191801,4.46134524024793,20.5410698699146,30,2.93255131964809,39,4,0.421052631578947,0,8,1,1,17.2970117492
98,1,1,,955,1,0.530960830203786,4.42014441527754,17.6339215415743,26,2.54154447702835,45,5,0.526315789473684,0,8,1,1,16.9830272322
99,1,1,,960,1,0.533587024423361,4.90936926123794,17.799541727806,24,2.34604105571848,42,6,0.631578947368421,0,8,1,1,17.5062744598
100,1,1,,947,0,NaN,NaN,NaN,28,2.73704789833822,48,NaN,NaN,NaN,0,0,0,17.3485703256
