step_id,raw_uniformity_percent,balanced_uniformity_percent,bank_A_minus_B_mean_percent
1,48.4848484848485,51.2218963831867,-0.0882647519065728
2,45.7478005865103,49.4623655913978,-0.48568694065222
3,47.8005865102639,49.7556207233627,0.147052331757103
4,53.86119257087,49.169110459433,0.325853913159
5,43.108504398827,49.3646138807429,-1.20042288909479
6,59.1397849462366,48.7781036168133,1.2919795113723
7,40.3714565004888,49.7556207233627,-1.02470972705668
8,45.6500488758553,48.9736070381232,-0.84229257712497
9,66.7644183773216,49.7556207233627,2.55080745584282
10,47.4095796676442,50.1466275659824,-0.217448177730632
11,49.8533724340176,50.4398826979472,0.0558603099664664
12,49.3646138807429,50.5376344086022,-0.210642535684824
13,58.1622678396872,48.3870967741936,1.02534780687709
14,40.6647116324536,51.0263929618768,-1.15906026827398
15,54.3499511241447,50.4398826979472,0.612486449216632
16,56.989247311828,49.3646138807429,0.693934494551313
17,47.6050830889541,48.9736070381232,-0.185986534145176
18,48.1915933528837,49.3646138807429,-0.441030002398612
19,43.4995112414467,51.7106549364614,-0.889022959495566
20,43.7927663734115,49.4623655913978,-0.867481627982998
21,41.544477028348,48.9736070381232,-1.18137109415289
22,57.4780058651026,48.6803519061584,1.07257102753285
23,42.0332355816227,48.4848484848485,-1.5212218150825
24,50.733137829912,50.5376344086022,-0.0868597557252408
25,52.297165200391,48.3870967741936,0.246623540398744
26,51.3196480938416,51.5151515151515,0.539016941440798
27,53.1769305962854,50.2443792766373,0.36499885390531
28,50.733137829912,50.3421309872923,0.0226333684714574
29,39.5894428152493,50.3421309872923,-1.23827205717647
30,53.4701857282502,50.3421309872923,0.357278063770665
31,56.6959921798632,50.4398826979472,1.15846565623002
32,49.169110459433,50.5376344086022,-0.222492781705898
33,50.6353861192571,48.8758553274682,0.0454556158979394
34,50.830889540567,48.6803519061584,-0.0521588866631458
35,46.7253176930596,49.6578690127077,-0.173086520023049
36,48.9736070381232,49.169110459433,0.0655777182271385
37,46.6275659824047,50.3421309872923,-0.32193488524497
38,45.1612903225806,48.8758553274682,-0.628234741874722
39,49.7556207233627,49.5601173020528,-0.0380389830220117
40,48.8758553274682,51.2218963831867,-0.106103675915678
41,51.9061583577713,49.9511241446725,0.185607420924862
42,52.297165200391,51.3196480938416,0.480809455503587
43,58.2600195503421,49.266862170088,1.14044341034047
44,44.4770283479961,51.7106549364614,-0.686723707719481
45,40.8602150537634,49.8533724340176,-1.32080092315676
46,51.8084066471163,48.8758553274682,-0.0307787452387731
47,61.1925708699902,49.0713587487781,1.80717171058708
48,50.3421309872923,50.1466275659824,0.379424072394897
49,47.8005865102639,50.1466275659824,-0.0188208753558397
50,54.5454545454545,50.2443792766373,0.616861816543711
51,44.0860215053763,50.5376344086022,-0.505628468405917
52,48.8758553274682,52.5904203323558,0.0614708483359957
53,51.6129032258064,50.830889540567,0.337362742727178
54,58.6510263929619,49.266862170088,0.970640518093248
55,49.0713587487781,49.4623655913978,-0.03237103115073
56,51.2218963831867,50.4398826979472,0.456920550742717
57,53.1769305962854,49.6578690127077,0.417548216555351
58,46.5298142717497,50.0488758553275,-0.633614000475399
59,53.763440860215,50.830889540567,0.415019220663879
60,47.8983382209189,49.8533724340176,-0.227856858645823
61,44.1837732160313,49.6578690127077,-0.481287038372814
62,48.0938416422287,50.0488758553275,-0.57265187656834
63,53.763440860215,48.8758553274682,0.511923512585929
64,50.2443792766373,49.6578690127077,0.147891303467427
65,51.4173998044966,49.4623655913978,0.285032930149328
66,41.6422287390029,49.266862170088,-1.27277017394775
67,50.3421309872923,50.5376344086022,0.0369638814934608
68,38.6119257086999,50.1466275659824,-1.20799854537485
69,47.2140762463343,50.5376344086022,-0.0114034232597655
70,49.266862170088,51.6129032258064,-0.0475769587552747
71,46.2365591397849,49.169110459433,-0.547421125439763
72,51.9061583577713,50.9286412512219,0.25228850556339
73,49.5601173020528,48.7781036168133,-0.155883260067273
74,52.0039100684262,50.830889540567,0.758112338719067
75,48.2893450635386,50.4398826979472,-0.10114365843289
76,47.702834799609,51.0263929618768,-0.0168148140787278
77,47.9960899315738,48.7781036168133,-0.361414278417594
78,59.4330400782014,49.4623655913978,1.72729898019699
79,52.6881720430108,50.3421309872923,0.248550037947555
80,53.0791788856305,49.9511241446725,0.255301335193575
81,50.0488758553275,48.2893450635386,-0.193336194296596
82,45.4545454545455,50.9286412512219,-0.465418827521973
83,50.0488758553275,49.266862170088,-0.258482055282573
84,47.8005865102639,50.1466275659824,-0.352924640093605
85,42.7174975562072,49.169110459433,-0.945824801514047
86,40.5669599217986,50.3421309872923,-1.12643743812121
87,51.2218963831867,50.4398826979472,-0.0356999328301431
88,52.297165200391,48.9736070381232,0.522352721706876
89,52.6881720430108,49.9511241446725,0.161131412960894
90,54.9364613880743,47.702834799609,0.695507430141711
91,53.3724340175953,50.830889540567,0.215808365143251
92,42.3264907135875,49.9511241446725,-1.09798700710629
93,49.169110459433,49.9511241446725,0.141577654966069
94,51.3196480938416,49.7556207233627,0.158173021635823
95,44.672531769306,49.9511241446725,-0.680529499769511
96,46.4320625610948,49.5601173020528,-0.592259094369991
97,51.8084066471163,50.2443792766373,0.423709538448312
98,57.7712609970675,49.169110459433,1.32137109108893
99,52.7859237536657,49.4623655913978,0.339840595904796
100,51.4173998044966,49.8533724340176,0.282129017676077
101,50.4398826979472,50.2443792766373,-0.131178078091022
102,47.5073313782991,52.3949169110459,-0.446518433900829
103,53.6656891495601,51.5151515151515,0.724256146128621
104,50.4398826979472,50.2443792766373,0.20465822292806
105,54.8387096774194,50.1466275659824,0.777475471630009
106,37.2434017595308,49.169110459433,-1.7376477434267
107,57.1847507331378,50.733137829912,1.01064124679587
108,49.266862170088,49.0713587487781,-0.398489246217252
109,43.9882697947214,50.0488758553275,-0.665388835688739
110,48.3870967741936,49.5601173020528,-0.422750725038612
111,50.1466275659824,51.5151515151515,-0.0410850135505783
112,46.3343108504399,51.2218963831867,-1.04140614828355
113,55.1319648093842,50.6353861192571,0.18376899094719
114,39.2961876832845,49.266862170088,-1.63614723819153
115,50.6353861192571,48.4848484848485,0.396068347786337
116,58.1622678396872,50.5376344086022,1.21017161552833
117,57.6735092864125,50.2443792766373,0.835843749963304
118,49.8533724340176,50.6353861192571,-0.129089748711464
119,48.0938416422287,50.2443792766373,-0.217301959339777
120,58.6510263929619,50.4398826979472,1.11840226747685
121,46.3343108504399,50.2443792766373,-0.654869577984865
122,56.2072336265885,52.297165200391,0.968271223967394
123,50.0488758553275,49.8533724340176,-0.339939747565555
124,61.9745845552297,51.6129032258064,1.46881321197326
125,61.3880742913001,48.8758553274682,1.2237868953323
126,54.0566959921799,49.9511241446725,0.249253448836215
127,44.4770283479961,50.5376344086022,-0.551810457769429
128,52.5904203323558,51.6129032258064,0.0792159653898431
129,46.5298142717497,50.4398826979472,-0.567118327822667
130,47.0185728250244,49.169110459433,-0.441051022392977
131,56.4027370478983,49.5601173020528,0.950005593217724
132,44.2815249266862,50.733137829912,-0.952968301117045
133,43.6950146627566,50.733137829912,-0.712939373906434
134,46.13880742913,49.266862170088,-0.523219273090367
135,52.1016617790811,50.733137829912,0.33241449472457
136,53.86119257087,49.5601173020528,0.764025810489198
137,61.2903225806452,50.9286412512219,1.6832951813565
138,38.1231671554252,49.266862170088,-1.7539759584351
139,51.4173998044966,51.4173998044966,0.523722600509426
140,41.2512218963832,50.830889540567,-1.35568028050257
141,52.8836754643206,49.7556207233627,0.246474057311833
142,45.4545454545455,49.3646138807429,-0.603904945226016
143,52.5904203323558,50.2443792766373,0.288870229150559
144,45.4545454545455,50.5376344086022,-0.561666205602175
145,48.8758553274682,49.6578690127077,-0.396095633913125
146,56.3049853372434,49.6578690127077,0.939729550803907
147,47.8005865102639,48.5826001955034,-0.501400328926884
148,46.2365591397849,48.5826001955034,-0.496720512988811
149,36.5591397849462,48.8758553274682,-1.62990904240085
150,51.5151515151515,51.3196480938416,0.191879219880535
151,46.3343108504399,50.0488758553275,-0.379879429050023
152,52.6881720430108,48.5826001955034,0.326694666898223
153,44.3792766373411,50.2443792766373,-0.729290019321742
154,44.2815249266862,50.9286412512219,-0.555678409727774
155,51.2218963831867,50.830889540567,0.306091519660845
156,48.9736070381232,49.7556207233627,0.0191874003685988
157,54.7409579667644,50.830889540567,0.829615202289379
158,54.1544477028348,50.0488758553275,0.500497474060156
159,44.672531769306,50.3421309872923,-0.215372302636757
160,56.989247311828,49.3646138807429,1.07712724243928
161,53.763440860215,50.2443792766373,0.418037312744736
162,56.4027370478983,50.5376344086022,0.729996475211054
163,53.86119257087,50.733137829912,0.721325020302062
164,51.8084066471163,49.6578690127077,0.291457983092921
165,54.1544477028348,50.0488758553275,0.35079096950711
166,56.5982404692082,49.169110459433,0.426229066066061
167,48.8758553274682,49.266862170088,-0.172152084505571
168,55.2297165200391,49.9511241446725,0.624990639734036
169,51.2218963831867,49.266862170088,0.232206651770025
170,51.4173998044966,50.0488758553275,0.15966596784458
171,49.3646138807429,49.9511241446725,-0.0156719963295757
172,57.0869990224829,49.0713587487781,0.901030664833947
173,51.4173998044966,50.6353861192571,0.160034787703478
174,44.1837732160313,50.4398826979472,-1.04389566463591
175,52.7859237536657,49.266862170088,0.0133605929446337
176,53.9589442815249,50.0488758553275,0.525950230808904
177,47.2140762463343,51.1241446725318,-0.245786198754443
178,45.1612903225806,51.0263929618768,-0.743793300701894
179,49.169110459433,50.5376344086022,-0.0334505029521743
180,52.0039100684262,50.4398826979472,0.132007609494821
181,51.5151515151515,50.1466275659824,0.353673725559792
182,56.6959921798632,50.2443792766373,0.863878901218707
183,50.3421309872923,49.5601173020528,0.0873877029906768
184,43.5972629521017,50.0488758553275,-0.667541192881187
185,46.3343108504399,49.4623655913978,-0.8208062748358
186,49.9511241446725,48.9736070381232,0.12298553523854
187,46.13880742913,51.6129032258064,-0.629832800544381
188,54.5454545454545,50.0488758553275,0.43795112337759
189,45.4545454545455,49.3646138807429,-0.393510854441306
190,47.8983382209189,50.2443792766373,-0.179587738922574
191,36.2658846529814,49.3646138807429,-1.38148363161411
192,46.7253176930596,49.8533724340176,-0.508971178973836
193,54.4477028347996,50.1466275659824,0.528237408855804
194,54.6432062561095,51.3196480938416,0.421276811957195
195,56.2072336265885,49.169110459433,0.886796799065383
196,51.7106549364614,48.9736070381232,0.801745621491817
197,48.5826001955034,49.169110459433,0.0960801795309024
198,51.8084066471163,49.4623655913978,0.324932681491607
199,41.6422287390029,50.6353861192571,-1.0823125174242
200,51.7106549364614,49.5601173020528,0.187850361114949
201,52.1016617790811,51.9061583577713,0.174297577485173
202,46.6275659824047,48.7781036168133,-0.159351538777695
203,43.3040078201369,49.9511241446725,-0.755066232976076
204,45.1612903225806,48.6803519061584,-0.553573668819185
205,46.3343108504399,49.8533724340176,-0.459242859674113
206,55.2297165200391,50.1466275659824,0.720935777504857
207,49.6578690127077,51.0263929618768,-0.166017648049674
208,52.297165200391,50.1466275659824,0.305653173224035
209,52.1994134897361,49.266862170088,0.556010853820922
210,50.5376344086022,49.3646138807429,0.103484761863712
211,55.7184750733138,50.2443792766373,1.05425676862296
212,50.0488758553275,50.0488758553275,-0.137168379760706
213,51.2218963831867,50.830889540567,0.0498474715639338
214,42.1309872922776,51.1241446725318,-0.857790114753739
215,50.2443792766373,51.4173998044966,0.049838954903104
216,45.0635386119257,49.3646138807429,-0.809768827565702
217,56.5004887585533,51.0263929618768,0.615457208152093
218,56.7937438905181,48.7781036168133,0.704365993582218
219,55.0342130987292,49.3646138807429,0.383532697318877
220,45.3567937438905,51.2218963831867,-0.393473977820242
221,53.0791788856305,49.3646138807429,0.4786196166935
222,62.8543499511241,49.3646138807429,1.63307251540145
223,46.6275659824047,49.169110459433,-0.654164694294288
224,54.3499511241447,50.4398826979472,0.231955511002296
225,50.2443792766373,49.4623655913978,-0.0202477938107987
226,54.4477028347996,48.7781036168133,0.558865921416997
227,46.0410557184751,49.9511241446725,-1.03898742554039
228,46.7253176930596,49.6578690127077,-0.229341769291912
229,51.7106549364614,49.5601173020528,0.42495962829333
230,54.8387096774194,50.733137829912,0.79377537594366
231,44.0860215053763,48.9736070381232,-0.836352080639438
232,53.4701857282502,49.9511241446725,0.457179396576587
233,48.6803519061584,50.0488758553275,-0.369606675950165
234,49.6578690127077,50.6353861192571,-0.0242579800176115
235,40.8602150537634,50.4398826979472,-1.11354213753022
236,56.7937438905181,50.3421309872923,0.547293359487585
237,62.0723362658847,49.7556207233627,1.61274504648506
238,47.4095796676442,50.3421309872923,-0.321397777187477
239,44.8680351906158,49.7556207233627,-0.597298050877275
240,52.6881720430108,50.733137829912,0.468420276219542
241,51.8084066471163,48.6803519061584,0.186596963169563
242,54.3499511241447,49.8533724340176,0.621364155768405
243,50.6353861192571,50.4398826979472,0.49268489003367
244,45.9433040078201,48.2893450635386,-0.264199197482375
245,49.5601173020528,50.9286412512219,0.138826242482306
246,47.8983382209189,49.8533724340176,-0.466217047252693
247,46.2365591397849,51.5151515151515,-0.313769173207363
248,50.9286412512219,50.5376344086022,0.280711902957577
249,42.4242424242424,50.6353861192571,-0.974584331431502
250,53.1769305962854,51.0263929618768,0.687551118642976
251,41.7399804496579,50.5376344086022,-0.745850028347687
252,54.6432062561095,52.297165200391,0.312542884077969
253,44.0860215053763,48.3870967741936,-0.590893526949884
254,51.5151515151515,49.7556207233627,0.069300873864936
255,55.425219941349,50.3421309872923,1.05149177072918
256,53.9589442815249,51.4173998044966,0.321429685977899
257,43.010752688172,50.4398826979472,-0.797774668726712
258,44.2815249266862,49.5601173020528,-1.01608791795101
259,49.7556207233627,50.5376344086022,-0.0315420951297314
260,46.9208211143695,48.0938416422287,-0.289043830705946
261,56.5004887585533,50.2443792766373,0.951586848768077
262,46.3343108504399,50.4398826979472,-0.466765893605565
263,49.4623655913978,49.6578690127077,-0.16917627269774
264,46.2365591397849,49.9511241446725,-0.53599164219591
265,39.2961876832845,50.4398826979472,-1.5052460537674
266,55.7184750733138,50.0488758553275,0.788683271958338
267,40.1759530791789,50.3421309872923,-1.6948321410955
268,56.0117302052786,49.5601173020528,0.794462893088614
269,54.5454545454545,49.0713587487781,0.823004592171681
270,44.2815249266862,49.3646138807429,-0.479749414757385
271,46.7253176930596,49.8533724340176,-0.510083175371359
272,54.1544477028348,51.4173998044966,0.695043832746226
273,55.2297165200391,48.5826001955034,0.606854979658138
274,42.5219941348974,50.3421309872923,-0.768277445301308
275,58.9442815249267,49.169110459433,1.10346524246338
276,52.6881720430108,51.1241446725318,0.23153903894429
277,46.2365591397849,51.1241446725318,-0.436808463163586
278,44.574780058651,51.0263929618768,-0.378572658937123
279,57.7712609970675,50.1466275659824,1.02214702033481
280,57.0869990224829,48.8758553274682,0.644650263922887
281,50.4398826979472,49.6578690127077,-0.0392788343419443
282,55.425219941349,50.5376344086022,0.897751220122624
283,48.7781036168133,49.5601173020528,-0.223054034311254
284,55.1319648093842,49.6578690127077,0.975085737100522
285,48.8758553274682,50.2443792766373,-0.0238784263190453
286,56.2072336265885,49.5601173020528,0.824977715072169
287,48.2893450635386,49.0713587487781,0.0292878850634494
288,59.1397849462366,50.3421309872923,1.06589671201151
289,45.9433040078201,51.6129032258064,-0.12621779027206
290,48.6803519061584,50.830889540567,-0.126585175885697
291,47.6050830889541,49.9511241446725,-0.268235867209026
292,49.8533724340176,49.0713587487781,0.0825969970440387
293,50.4398826979472,50.2443792766373,0.0657108940856077
294,45.8455522971652,49.5601173020528,-0.446636529349446
295,43.2062561094819,50.6353861192571,-0.828634007999924
296,50.0488758553275,50.4398826979472,0.240274774064698
297,54.4477028347996,49.9511241446725,0.671044628035135
298,51.5151515151515,49.3646138807429,-0.0338191187006296
299,49.169110459433,48.3870967741936,-0.16984665448566
300,52.7859237536657,51.6129032258064,0.268111556883834
301,51.5151515151515,51.3196480938416,0.403550116879792
302,46.9208211143695,49.8533724340176,-0.737227249795546
303,52.4926686217009,50.9286412512219,0.0428210332943262
304,46.13880742913,51.0263929618768,-0.192576356687203
305,58.3577712609971,49.5601173020528,0.974821239716006
306,49.6578690127077,49.6578690127077,-0.214197744734037
307,42.6197458455523,48.6803519061584,-0.808561263008527
308,43.2062561094819,49.8533724340176,-0.985857763135738
309,55.425219941349,50.3421309872923,0.992669776060758
310,48.6803519061584,51.6129032258064,-0.206612795025183
311,55.2297165200391,50.733137829912,0.613545293714487
312,51.9061583577713,50.3421309872923,0.248712875800497
313,53.4701857282502,49.5601173020528,0.442396739405958
314,39.980449657869,49.3646138807429,-1.34296857831756
315,45.7478005865103,48.8758553274682,-0.694656172740609
316,47.3118279569892,51.2218963831867,-0.675173053129352
317,49.8533724340176,49.0713587487781,0.244458941188465
318,51.2218963831867,50.6353861192571,0.148041458223116
319,52.4926686217009,49.7556207233627,0.452752910804341
320,51.8084066471163,49.4623655913978,0.0769246500476879
321,44.3792766373411,49.6578690127077,-0.345212911184595
322,36.1681329423265,50.0488758553275,-2.04588443742133
323,54.7409579667644,48.2893450635386,0.725767677943429
324,45.2590420332356,51.5151515151515,-0.68803397871543
325,47.0185728250244,51.3196480938416,-0.517827475572732
326,51.6129032258064,49.8533724340176,0.0750386397255998
327,46.7253176930596,50.0488758553275,-0.163197369938796
328,51.8084066471163,48.6803519061584,0.257890368747201
329,43.9882697947214,48.6803519061584,-0.695946241093113
330,54.3499511241447,50.0488758553275,0.66277319518656
331,38.3186705767351,50.0488758553275,-1.79912407353136
332,40.4692082111437,50.6353861192571,-1.72448351612149
333,52.5904203323558,50.2443792766373,0.241159779739323
334,40.1759530791789,49.5601173020528,-1.20804164734983
335,52.6881720430108,49.7556207233627,0.380903916179861
336,55.6207233626588,50.3421309872923,0.524703979862094
337,42.8152492668622,49.6578690127077,-0.961920443664976
338,50.9286412512219,51.1241446725318,0.343026540716963
339,59.5307917888563,49.3646138807429,1.15505225989815
340,56.5982404692082,51.1241446725318,1.07514558007078
341,46.2365591397849,49.5601173020528,-0.399102870603276
342,54.0566959921799,51.1241446725318,0.49447442819263
343,47.3118279569892,49.6578690127077,-0.426596392504309
344,50.830889540567,48.2893450635386,0.00136059281919069
345,47.5073313782991,49.0713587487781,-0.586710210472913
346,55.1319648093842,49.6578690127077,0.362218263924879
347,45.8455522971652,48.9736070381232,-0.547151412863719
348,45.5522971652004,49.8533724340176,-0.601733587042588
349,51.2218963831867,50.830889540567,0.315388719980219
350,60.2150537634409,48.8758553274682,1.37909593044157
351,57.6735092864125,50.6353861192571,1.07201298481747
352,52.6881720430108,50.733137829912,0.235400849513242
353,46.6275659824047,50.3421309872923,-0.327169165234165
354,46.0410557184751,49.7556207233627,-0.27581534949981
355,55.425219941349,50.1466275659824,0.877621018227874
356,52.8836754643206,50.1466275659824,0.629531216254292
357,58.6510263929619,51.0263929618768,1.55022901915908
358,46.2365591397849,51.1241446725318,-0.311485399521609
359,51.6129032258064,51.0263929618768,0.258062515161452
360,58.2600195503421,49.6578690127077,1.08284152601849
361,41.1534701857283,51.1241446725318,-1.00658265308082
362,43.4017595307918,50.830889540567,-0.976411591610816
363,49.3646138807429,49.7556207233627,-0.216198860819479
364,48.8758553274682,49.4623655913978,0.138649296252443
365,57.9667644183773,49.169110459433,1.12314901699301
366,48.7781036168133,49.3646138807429,-0.0908357729224347
367,44.1837732160313,51.6129032258064,-0.775469508422235
368,50.1466275659824,48.7781036168133,0.27920586756556
369,54.7409579667644,49.266862170088,0.775962137564403
370,45.6500488758553,49.3646138807429,-0.657453593265784
371,53.2746823069404,49.169110459433,0.653595620132724
372,58.7487781036168,50.3421309872923,1.45510892227961
373,47.3118279569892,50.2443792766373,-0.133888411863844
374,49.169110459433,50.5376344086022,-0.173045056339851
375,49.4623655913978,51.4173998044966,-0.0785133028237931
376,50.3421309872923,50.733137829912,-0.0135392808801332
377,42.7174975562072,51.5151515151515,-0.878450137469038
378,56.1094819159335,48.2893450635386,1.16810551503428
379,49.169110459433,49.3646138807429,-0.0280474109942205
380,44.8680351906158,50.3421309872923,-0.192952137711663
381,45.7478005865103,50.2443792766373,-0.441173320922219
382,53.86119257087,47.9960899315738,0.237248486210842
383,53.1769305962854,49.6578690127077,0.638436915765712
384,41.9354838709677,51.5151515151515,-0.638707946035319
385,43.4017595307918,50.0488758553275,-1.30833416723772
386,50.0488758553275,49.4623655913978,-0.0499075956008272
387,55.7184750733138,49.0713587487781,1.01222617519852
388,49.4623655913978,50.2443792766373,-0.374569706794965
389,39.5894428152493,49.5601173020528,-1.39559513327285
390,54.4477028347996,48.9736070381232,0.326095630832795
391,40.0782013685239,51.2218963831867,-1.46381772045042
392,55.1319648093842,48.6803519061584,0.467675930056113
393,50.5376344086022,49.169110459433,-0.000741538867641047
394,54.4477028347996,48.9736070381232,0.613269933385213
395,49.0713587487781,49.6578690127077,-0.21876082406709
396,57.3802541544477,50.9286412512219,1.32715874711264
397,53.86119257087,50.1466275659824,0.572409344807806
398,46.9208211143695,49.6578690127077,-0.650889977754267
399,42.9130009775171,50.9286412512219,-0.793568882760804
400,53.0791788856305,49.7556207233627,0.101171778423929
401,49.5601173020528,49.9511241446725,-0.0502417727497501
402,56.989247311828,48.1915933528837,0.812254796606771
403,47.702834799609,51.2218963831867,-0.148881556691064
404,50.3421309872923,49.7556207233627,-0.18363705090513
405,54.6432062561095,48.5826001955034,0.482772845438559
406,44.4770283479961,51.7106549364614,-1.1893927659146
407,46.13880742913,51.0263929618768,-0.388092681947527
408,55.0342130987292,49.9511241446725,0.580951896819064
409,48.3870967741936,48.9736070381232,-0.271104823902389
410,49.6578690127077,49.8533724340176,-0.211744995562872
411,48.3870967741936,50.1466275659824,-0.0880807090693222
412,50.4398826979472,48.4848484848485,0.168664857206176
413,52.0039100684262,48.8758553274682,0.0973437627570226
414,46.4320625610948,48.9736070381232,-0.057222688808887
415,58.9442815249267,50.1466275659824,1.27135175343984
416,50.6353861192571,48.6803519061584,-0.374317665638749
417,46.5298142717497,51.2218963831867,-0.199167137895963
418,48.4848484848485,50.830889540567,-0.275093819298613
419,51.7106549364614,50.5376344086022,0.069622900238966
420,50.733137829912,51.5151515151515,0.165618243079218
421,56.2072336265885,50.1466275659824,0.82458733038934
422,48.7781036168133,50.733137829912,-0.163042792941955
423,55.1319648093842,50.4398826979472,0.814458109845902
424,50.3421309872923,50.3421309872923,0.0150796664882235
425,43.5972629521017,50.0488758553275,-1.23117248137223
426,40.9579667644184,49.9511241446725,-1.08352549379764
427,43.3040078201369,49.169110459433,-1.10862724713783
428,47.1163245356794,49.8533724340176,-0.515939597734244
429,55.327468230694,50.2443792766373,0.291491314171938
430,48.4848484848485,51.4173998044966,0.13484849503009
431,50.9286412512219,50.1466275659824,0.254178957291632
432,51.9061583577713,49.9511241446725,0.153346898092955
433,47.3118279569892,50.4398826979472,-0.310225387916699
434,50.0488758553275,50.2443792766373,-0.0929483298479444
435,44.2815249266862,49.169110459433,-0.730546670400166
436,57.2825024437928,49.0713587487781,0.630042440320753
437,48.3870967741936,48.9736070381232,0.127279890105211
438,49.169110459433,50.3421309872923,-0.0132075775377126
439,53.0791788856305,50.5376344086022,0.157887292229468
440,56.1094819159335,50.0488758553275,0.755747903603076
441,46.5298142717497,50.0488758553275,-0.768808261430806
442,52.7859237536657,51.2218963831867,0.596657582310267
443,52.8836754643206,49.5601173020528,0.74823574478686
444,52.8836754643206,48.5826001955034,0.536419079875304
445,52.1994134897361,51.6129032258064,0.441895709782967
446,46.9208211143695,50.6353861192571,-0.396344264394937
447,54.7409579667644,49.266862170088,0.500083580992413
448,49.3646138807429,49.7556207233627,0.178298672597813
449,52.1016617790811,50.3421309872923,0.195841490682793
450,42.1309872922776,48.3870967741936,-0.944586531354422
451,47.8005865102639,50.1466275659824,-0.765688690875314
452,49.8533724340176,49.8533724340176,0.110983974266642
453,47.1163245356794,50.4398826979472,-0.370979689010497
454,46.5298142717497,51.2218963831867,-0.629243746663305
455,39.2961876832845,49.8533724340176,-1.2427582731403
456,46.6275659824047,50.1466275659824,-0.353248465311398
457,46.3343108504399,49.0713587487781,-0.281434046137816
458,59.9217986314761,50.1466275659824,1.05313153723258
459,46.2365591397849,49.7556207233627,-0.765071116440043
460,46.2365591397849,50.1466275659824,-0.601887353228355
461,40.9579667644184,49.169110459433,-1.03970555497803
462,54.5454545454545,50.0488758553275,0.420053969470921
463,51.5151515151515,50.733137829912,0.361564731637632
464,52.4926686217009,49.3646138807429,0.326820914037791
465,53.763440860215,50.0488758553275,0.673959280807221
466,49.9511241446725,51.5151515151515,-0.0386569699643545
467,42.9130009775171,50.1466275659824,-1.24814504806589
468,51.1241446725318,49.7556207233627,0.0714627536186507
469,53.6656891495601,50.9286412512219,0.319277210342565
470,47.1163245356794,50.0488758553275,-0.441796957321263
471,50.4398826979472,50.4398826979472,0.097932589185425
472,51.4173998044966,51.8084066471163,0.167075932483366
473,54.8387096774194,49.5601173020528,1.00578730207229
474,52.3949169110459,50.4398826979472,0.467055473612535
475,50.9286412512219,50.3421309872923,0.183562559517837
476,57.1847507331378,49.3646138807429,0.885021864085554
477,51.5151515151515,50.1466275659824,0.294943383861157
478,49.9511241446725,49.3646138807429,-0.190134325846929
479,56.891495601173,50.4398826979472,1.02354887030019
480,56.4027370478983,49.5601173020528,0.681920196896697
481,52.1016617790811,48.3870967741936,0.444612906329785
482,49.169110459433,50.1466275659824,-0.296603678262831
483,48.8758553274682,49.0713587487781,-0.21948519786176
484,48.9736070381232,49.5601173020528,-0.391658027137466
485,46.9208211143695,50.4398826979472,-0.306008018776759
486,50.733137829912,50.3421309872923,0.340594555676667
487,52.6881720430108,49.5601173020528,-0.133443271453935
488,49.266862170088,50.830889540567,0.33732441354228
489,50.5376344086022,49.9511241446725,-0.0236421939108066
490,54.7409579667644,49.6578690127077,0.336779441972774
491,53.0791788856305,50.3421309872923,0.507920600831159
492,50.3421309872923,50.733137829912,0.312359827754246
493,55.5229716520039,48.8758553274682,0.75942171944605
494,46.9208211143695,49.6578690127077,-0.298739273108182
495,52.1016617790811,48.9736070381232,0.223765670938129
496,54.3499511241447,50.2443792766373,0.796716470632491
497,53.5679374389052,50.4398826979472,0.86063381508536
498,52.8836754643206,49.3646138807429,0.291993391146956
499,51.1241446725318,50.1466275659824,-0.194956561459576
500,50.733137829912,49.169110459433,-0.0481409267193244
