local_RO_index,bank_A_total_usage,bank_A_A_gt_B_usage,bank_A_B_gt_A_usage,bank_A_orientation_imbalance,bank_B_total_usage,bank_B_A_gt_B_usage,bank_B_B_gt_A_usage,bank_B_orientation_imbalance
0,16,8,8,0,16,8,8,0
1,16,8,8,0,16,8,8,0
2,16,8,8,0,16,8,8,0
3,16,8,8,0,16,8,8,0
4,16,8,8,0,16,8,8,0
5,16,8,8,0,16,8,8,0
6,16,8,8,0,16,8,8,0
7,16,8,8,0,16,8,8,0
8,16,8,8,0,16,8,8,0
9,16,8,8,0,16,8,8,0
10,16,8,8,0,16,8,8,0
11,16,8,8,0,16,8,8,0
12,16,8,8,0,16,8,8,0
13,16,8,8,0,16,8,8,0
14,16,8,8,0,16,8,8,0
15,16,8,8,0,16,8,8,0
16,16,8,8,0,16,8,8,0
17,16,8,8,0,16,8,8,0
18,16,8,8,0,16,8,8,0
19,16,8,8,0,16,8,8,0
20,16,8,8,0,16,8,8,0
21,16,8,8,0,16,8,8,0
22,16,8,8,0,16,8,8,0
23,16,8,8,0,16,8,8,0
24,16,8,8,0,16,8,8,0
25,16,8,8,0,16,8,8,0
26,16,8,8,0,16,8,8,0
27,16,8,8,0,16,8,8,0
28,16,8,8,0,16,8,8,0
29,16,8,8,0,16,8,8,0
30,16,8,8,0,16,8,8,0
31,16,8,8,0,16,8,8,0
32,16,8,8,0,16,8,8,0
33,16,8,8,0,16,8,8,0
34,16,8,8,0,16,8,8,0
35,16,8,8,0,16,8,8,0
36,16,8,8,0,16,8,8,0
37,16,8,8,0,16,8,8,0
38,16,8,8,0,16,8,8,0
39,16,8,8,0,16,8,8,0
40,16,8,8,0,16,8,8,0
41,16,8,8,0,16,8,8,0
42,16,8,8,0,15,7,8,1
43,16,8,8,0,16,8,8,0
44,16,8,8,0,16,8,8,0
45,16,8,8,0,16,8,8,0
46,16,8,8,0,16,8,8,0
47,16,8,8,0,16,8,8,0
48,16,8,8,0,16,8,8,0
49,16,8,8,0,16,8,8,0
50,16,8,8,0,16,8,8,0
51,16,8,8,0,16,8,8,0
52,16,8,8,0,16,8,8,0
53,16,8,8,0,16,8,8,0
54,15,7,8,1,16,8,8,0
55,16,8,8,0,16,8,8,0
56,16,8,8,0,16,8,8,0
57,16,8,8,0,16,8,8,0
58,16,8,8,0,16,8,8,0
59,16,8,8,0,16,8,8,0
60,16,8,8,0,16,8,8,0
61,16,8,8,0,16,8,8,0
62,16,8,8,0,16,8,8,0
63,16,8,8,0,16,8,8,0
