operation,side,n,mean_ms,std_ms,min_ms,max_ms,trials,notes
Full root activation including sorted PIDIndex construction,UAV,1024,557.125023,7.730146,547.881327,569.451219,30,includes supplied-vector reconstruction; excludes physical acquisition
Indexed pseudonym lookup,UAV,1024,0.007182,0.001208,0.00651,0.011094,30,"bisect over sorted (PID,j) entries"
Merkle-path extraction,UAV,1024,0.013363,0.001052,0.01276,0.017917,30,path_nodes=10
PUF-vector processing + BCH reconstruction + Toeplitz (S1),UAV,-,3.882641,0.092994,3.731965,4.154463,30,1023x9 vector supplied before timer; physical acquisition excluded
PUF-vector processing + BCH reconstruction + Toeplitz (S2),UAV,-,3.87566,0.071881,3.801913,4.074307,30,1023x9 vector supplied before timer; physical acquisition excluded
Deterministic ML-DSA-65 key regeneration,UAV,-,0.780412,0.129098,0.678748,1.330099,30,
ML-KEM-768 encapsulation,UAV,-,0.340138,0.035215,0.307186,0.430311,30,
ML-KEM-768 decapsulation,Verifier,-,0.293304,0.026855,0.272395,0.398332,30,
Verifier-request ML-DSA signature generation,Verifier,-,1.831555,0.828469,0.884893,3.926027,30,
Verifier-request ML-DSA signature verification,UAV,-,0.596321,0.026897,0.572446,0.681456,30,
UAV transcript ML-DSA signature generation,UAV,-,1.726884,0.760499,0.914788,4.119046,30,
UAV transcript ML-DSA signature verification,Verifier,-,0.601038,0.033005,0.573748,0.684997,30,
Ascon-AEAD128 encryption,UAV,1024,0.155039,0.014326,0.144895,0.202447,30,plaintext=14984 bytes
Ascon-AEAD128 decryption,Verifier,1024,0.156128,0.010271,0.14901,0.198437,30,ciphertext+tag=15000 bytes
Complete verifier request generation + serialization,Verifier,1024,4.548397,0.910479,3.301758,6.833411,30,includes ephemeral ML-KEM key generation and request signature
Complete UAV-side software (request processing + response serialization),UAV,1024,13.13256,0.565827,12.405473,15.021608,30,physical PUF acquisition and transport excluded
Complete verifier response processing,Verifier,1024,7.87156,0.202967,7.655387,8.339708,30,"includes deserialization, decapsulation, AEAD, AuthRec, Merkle, signature"
Complete verifier-side software (request + response),Verifier,1024,12.93086,1.234127,11.410372,17.866389,30,sum of timed request generation and response processing; UAV time excluded
Complete end-to-end software (UAV + verifier),Both,1024,25.830864,1.266689,23.935117,28.797598,30,request + UAV processing + verifier processing; transport and physical PUF excluded
Full root activation including sorted PIDIndex construction,UAV,16384,9841.034255,517.373481,8867.357506,11182.319738,30,includes supplied-vector reconstruction; excludes physical acquisition
Indexed pseudonym lookup,UAV,16384,0.008984,0.000377,0.008646,0.010625,30,"bisect over sorted (PID,j) entries"
Merkle-path extraction,UAV,16384,0.019998,0.001176,0.019374,0.02474,30,path_nodes=14
PUF-vector processing + BCH reconstruction + Toeplitz (S1),UAV,-,4.143207,0.074264,3.931291,4.277488,30,1023x9 vector supplied before timer; physical acquisition excluded
PUF-vector processing + BCH reconstruction + Toeplitz (S2),UAV,-,3.997107,0.088325,3.908687,4.153217,30,1023x9 vector supplied before timer; physical acquisition excluded
Deterministic ML-DSA-65 key regeneration,UAV,-,0.756104,0.032468,0.730779,0.898122,30,
ML-KEM-768 encapsulation,UAV,-,0.362572,0.023721,0.346249,0.445572,30,
ML-KEM-768 decapsulation,Verifier,-,0.320905,0.020157,0.3075,0.390676,30,
Verifier-request ML-DSA signature generation,Verifier,-,1.739462,0.815907,0.884998,4.284833,30,
Verifier-request ML-DSA signature verification,UAV,-,0.615962,0.018828,0.600935,0.6913,30,
UAV transcript ML-DSA signature generation,UAV,-,1.515008,0.532716,0.884841,2.906346,30,
UAV transcript ML-DSA signature verification,Verifier,-,0.619149,0.020954,0.603852,0.695571,30,
Ascon-AEAD128 encryption,UAV,16384,0.161899,0.01064,0.154635,0.199843,30,plaintext=15439 bytes
Ascon-AEAD128 decryption,Verifier,16384,0.166322,0.007655,0.161354,0.195677,30,ciphertext+tag=15455 bytes
Complete verifier request generation + serialization,Verifier,16384,4.466472,0.807075,3.492074,6.318003,30,includes ephemeral ML-KEM key generation and request signature
Complete UAV-side software (request processing + response serialization),UAV,16384,14.404862,0.776198,13.251423,16.808965,30,physical PUF acquisition and transport excluded
Complete verifier response processing,Verifier,16384,9.220065,0.061491,9.118205,9.361225,30,"includes deserialization, decapsulation, AEAD, AuthRec, Merkle, signature"
Complete verifier-side software (request + response),Verifier,16384,13.923077,0.926233,12.718715,16.741987,30,sum of timed request generation and response processing; UAV time excluded
Complete end-to-end software (UAV + verifier),Both,16384,28.950647,1.5066,26.42821,32.629547,30,request + UAV processing + verifier processing; transport and physical PUF excluded
