challenge_index,bank_A_index,bank_B_index,global_RO_A_index,global_RO_B_index,orientation_code,first_global_RO_index,second_global_RO_index
0,46,57,46,121,1,46,121
1,4,0,4,64,1,4,64
2,20,50,20,114,-1,114,20
3,19,1,19,65,-1,65,19
4,47,34,47,98,-1,98,47
5,60,45,60,109,-1,109,60
6,13,55,13,119,1,13,119
7,4,13,4,77,-1,77,4
8,44,22,44,86,-1,86,44
9,39,27,39,91,-1,91,39
10,11,48,11,112,-1,112,11
11,5,52,5,116,-1,116,5
12,8,43,8,107,-1,107,8
13,28,39,28,103,1,28,103
14,2,60,2,124,-1,124,2
15,30,9,30,73,1,30,73
16,51,41,51,105,-1,105,51
17,3,10,3,74,-1,74,3
18,46,31,46,95,1,46,95
19,12,7,12,71,-1,71,12
20,56,26,56,90,1,56,90
21,52,41,52,105,-1,105,52
22,55,25,55,89,-1,89,55
23,0,45,0,109,1,0,109
24,61,12,61,76,-1,76,61
25,54,62,54,126,1,54,126
26,38,5,38,69,-1,69,38
27,53,6,53,70,1,53,70
28,33,37,33,101,1,33,101
29,63,42,63,106,-1,106,63
30,59,3,59,67,-1,67,59
31,59,18,59,82,1,59,82
32,47,2,47,66,1,47,66
33,24,35,24,99,-1,99,24
34,5,13,5,77,1,5,77
35,61,19,61,83,1,61,83
36,18,17,18,81,1,18,81
37,34,13,34,77,1,34,77
38,12,10,12,74,1,12,74
39,60,3,60,67,1,60,67
40,42,41,42,105,1,42,105
41,3,30,3,94,1,3,94
42,62,25,62,89,1,62,89
43,54,0,54,64,-1,64,54
44,5,32,5,96,-1,96,5
45,25,44,25,108,1,25,108
46,7,36,7,100,-1,100,7
47,30,59,30,123,1,30,123
48,62,27,62,91,1,62,91
49,27,56,27,120,1,27,120
50,28,61,28,125,-1,125,28
51,37,30,37,94,-1,94,37
52,30,2,30,66,-1,66,30
53,12,63,12,127,-1,127,12
54,51,12,51,76,1,51,76
55,50,24,50,88,-1,88,50
56,27,43,27,107,1,27,107
57,57,11,57,75,-1,75,57
58,6,20,6,84,1,6,84
59,0,21,0,85,1,0,85
60,46,1,46,65,1,46,65
61,27,1,27,65,-1,65,27
62,9,52,9,116,1,9,116
63,4,20,4,84,-1,84,4
64,46,48,46,112,1,46,112
65,32,35,32,99,-1,99,32
66,63,24,63,88,1,63,88
67,5,50,5,114,1,5,114
68,26,63,26,127,1,26,127
69,29,48,29,112,1,29,112
70,54,38,54,102,-1,102,54
71,25,12,25,76,-1,76,25
72,3,5,3,69,1,3,69
73,20,54,20,118,1,20,118
74,29,24,29,88,1,29,88
75,46,32,46,96,-1,96,46
76,6,37,6,101,-1,101,6
77,56,57,56,121,-1,121,56
78,22,42,22,106,1,22,106
79,2,8,2,72,1,2,72
80,47,51,47,115,-1,115,47
81,17,38,17,102,1,17,102
82,31,52,31,116,-1,116,31
83,29,57,29,121,-1,121,29
84,42,33,42,97,-1,97,42
85,29,53,29,117,-1,117,29
86,53,59,53,123,-1,123,53
87,9,19,9,83,-1,83,9
88,18,6,18,70,-1,70,18
89,3,36,3,100,-1,100,3
90,50,1,50,65,1,50,65
91,26,37,26,101,-1,101,26
92,6,26,6,90,-1,90,6
93,23,38,23,102,1,23,102
94,48,52,48,116,1,48,116
95,14,4,14,68,-1,68,14
96,2,53,2,117,1,2,117
97,46,21,46,85,-1,85,46
98,23,32,23,96,1,23,96
99,43,14,43,78,1,43,78
100,48,18,48,82,-1,82,48
101,22,21,22,85,1,22,85
102,6,61,6,125,1,6,125
103,13,43,13,107,1,13,107
104,43,13,43,77,-1,77,43
105,0,35,0,99,1,0,99
106,9,53,9,117,-1,117,9
107,25,11,25,75,1,25,75
108,21,22,21,86,1,21,86
109,34,36,34,100,-1,100,34
110,19,41,19,105,1,19,105
111,44,36,44,100,1,44,100
112,33,7,33,71,1,33,71
113,45,39,45,103,-1,103,45
114,0,7,0,71,-1,71,0
115,56,35,56,99,-1,99,56
116,3,53,3,117,1,3,117
117,13,25,13,89,1,13,89
118,55,15,55,79,1,55,79
119,62,29,62,93,-1,93,62
120,7,61,7,125,1,7,125
121,21,27,21,91,1,21,91
122,50,20,50,84,-1,84,50
123,33,27,33,91,-1,91,33
124,13,28,13,92,1,13,92
125,51,18,51,82,-1,82,51
126,51,19,51,83,1,51,83
127,6,29,6,93,-1,93,6
128,59,6,59,70,1,59,70
129,13,19,13,83,-1,83,13
130,61,61,61,125,-1,125,61
131,19,46,19,110,1,19,110
132,55,42,55,106,-1,106,55
133,34,23,34,87,-1,87,34
134,55,33,55,97,1,55,97
135,44,28,44,92,-1,92,44
136,13,31,13,95,-1,95,13
137,58,38,58,102,-1,102,58
138,21,30,21,94,-1,94,21
139,30,46,30,110,-1,110,30
140,46,37,46,101,-1,101,46
141,38,18,38,82,1,38,82
142,30,43,30,107,-1,107,30
143,33,33,33,97,1,33,97
144,13,4,13,68,-1,68,13
145,7,56,7,120,-1,120,7
146,35,27,35,91,-1,91,35
147,60,20,60,84,-1,84,60
148,8,13,8,77,1,8,77
149,23,17,23,81,-1,81,23
150,15,5,15,69,-1,69,15
151,0,22,0,86,-1,86,0
152,1,37,1,101,1,1,101
153,40,43,40,107,1,40,107
154,45,4,45,68,1,45,68
155,33,1,33,65,-1,65,33
156,41,17,41,81,-1,81,41
157,17,56,17,120,-1,120,17
158,32,56,32,120,1,32,120
159,35,12,35,76,1,35,76
160,25,10,25,74,-1,74,25
161,30,20,30,84,1,30,84
162,52,7,52,71,1,52,71
163,26,52,26,116,1,26,116
164,56,37,56,101,1,56,101
165,57,34,57,98,1,57,98
166,53,34,53,98,1,53,98
167,54,37,54,101,1,54,101
168,22,39,22,103,-1,103,22
169,40,49,40,113,-1,113,40
170,54,11,54,75,1,54,75
171,48,60,48,124,1,48,124
172,16,10,16,74,1,16,74
173,2,38,2,102,1,2,102
174,39,36,39,100,1,39,100
175,40,18,40,82,-1,82,40
176,8,7,8,71,1,8,71
177,43,59,43,123,1,43,123
178,57,63,57,127,1,57,127
179,9,51,9,115,1,9,115
180,22,15,22,79,-1,79,22
181,54,6,54,70,-1,70,54
182,9,23,9,87,1,9,87
183,9,7,9,71,-1,71,9
184,7,35,7,99,1,7,99
185,10,35,10,99,1,10,99
186,49,17,49,81,1,49,81
187,23,43,23,107,-1,107,23
188,24,29,24,93,1,24,93
189,47,26,47,90,1,47,90
190,21,37,21,101,-1,101,21
191,33,55,33,119,-1,119,33
192,41,36,41,100,1,41,100
193,46,25,46,89,-1,89,46
194,2,42,2,106,-1,106,2
195,34,57,34,121,1,34,121
196,24,21,24,85,-1,85,24
197,59,34,59,98,-1,98,59
198,0,30,0,94,1,0,94
199,34,55,34,119,-1,119,34
200,38,51,38,115,1,38,115
201,62,57,62,121,-1,121,62
202,16,58,16,122,-1,122,16
203,43,26,43,90,-1,90,43
204,12,45,12,109,1,12,109
205,31,10,31,74,1,31,74
206,36,35,36,99,1,36,99
207,53,10,53,74,-1,74,53
208,18,33,18,97,-1,97,18
209,27,30,27,94,-1,94,27
210,31,60,31,124,-1,124,31
211,55,57,55,121,1,55,121
212,23,29,23,93,1,23,93
213,52,5,52,69,1,52,69
214,58,42,58,106,1,58,106
215,5,18,5,82,1,5,82
216,52,6,52,70,-1,70,52
217,38,40,38,104,-1,104,38
218,1,48,1,112,-1,112,1
219,57,13,57,77,-1,77,57
220,2,56,2,120,-1,120,2
221,17,55,17,119,1,17,119
222,62,39,62,103,1,62,103
223,36,31,36,95,-1,95,36
224,12,50,12,114,-1,114,12
225,48,14,48,78,-1,78,48
226,17,33,17,97,-1,97,17
227,8,21,8,85,-1,85,8
228,15,27,15,91,1,15,91
229,0,10,0,74,-1,74,0
230,13,47,13,111,-1,111,13
231,17,11,17,75,-1,75,17
232,18,4,18,68,1,18,68
233,4,32,4,96,1,4,96
234,0,4,0,68,-1,68,0
235,49,21,49,85,1,49,85
236,42,21,42,85,1,42,85
237,3,48,3,112,-1,112,3
238,4,15,4,79,-1,79,4
239,27,45,27,109,-1,109,27
240,0,15,0,79,1,0,79
241,20,36,20,100,1,20,100
242,35,39,35,103,1,35,103
243,10,19,10,83,1,10,83
244,25,3,25,67,-1,67,25
245,11,4,11,68,1,11,68
246,11,47,11,111,-1,111,11
247,15,20,15,84,1,15,84
248,23,3,23,67,1,23,67
249,37,22,37,86,1,37,86
250,24,48,24,112,1,24,112
251,30,14,30,78,1,30,78
252,57,53,57,117,1,57,117
253,8,39,8,103,-1,103,8
254,5,31,5,95,-1,95,5
255,37,57,37,121,1,37,121
256,16,16,16,80,1,16,80
257,34,6,34,70,1,34,70
258,12,43,12,107,1,12,107
259,60,13,60,77,1,60,77
260,30,28,30,92,-1,92,30
261,21,54,21,118,-1,118,21
262,3,11,3,75,-1,75,3
263,38,59,38,123,-1,123,38
264,58,55,58,119,1,58,119
265,48,33,48,97,1,48,97
266,29,8,29,72,-1,72,29
267,7,47,7,111,1,7,111
268,30,27,30,91,-1,91,30
269,10,44,10,108,-1,108,10
270,52,20,52,84,-1,84,52
271,47,14,47,78,-1,78,47
272,16,13,16,77,-1,77,16
273,44,56,44,120,1,44,120
274,37,61,37,125,-1,125,37
275,62,33,62,97,-1,97,62
276,55,36,55,100,-1,100,55
277,9,30,9,94,-1,94,9
278,18,56,18,120,1,18,120
279,35,1,35,65,-1,65,35
280,59,11,59,75,1,59,75
281,48,30,48,94,-1,94,48
282,22,54,22,118,-1,118,22
283,58,16,58,80,-1,80,58
284,19,5,19,69,-1,69,19
285,18,32,18,96,-1,96,18
286,19,51,19,115,-1,115,19
287,59,57,59,121,-1,121,59
288,60,49,60,113,1,60,113
289,32,26,32,90,1,32,90
290,45,14,45,78,1,45,78
291,10,17,10,81,-1,81,10
292,16,30,16,94,1,16,94
293,4,47,4,111,1,4,111
294,51,51,51,115,1,51,115
295,50,44,50,108,1,50,108
296,63,9,63,73,-1,73,63
297,23,48,23,112,-1,112,23
298,24,13,24,77,1,24,77
299,45,55,45,119,-1,119,45
300,26,39,26,103,1,26,103
301,43,61,43,125,1,43,125
302,20,38,20,102,-1,102,20
303,32,59,32,123,-1,123,32
304,8,42,8,106,1,8,106
305,45,34,45,98,1,45,98
306,7,24,7,88,-1,88,7
307,15,11,15,75,-1,75,15
308,33,48,33,112,1,33,112
309,43,7,43,71,-1,71,43
310,16,3,16,67,1,16,67
311,56,45,56,109,1,56,109
312,62,19,62,83,-1,83,62
313,18,14,18,78,-1,78,18
314,38,17,38,81,1,38,81
315,28,62,28,126,-1,126,28
316,43,37,43,101,-1,101,43
317,52,58,52,122,1,52,122
318,31,42,31,106,1,31,106
319,5,15,5,79,-1,79,5
320,50,57,50,121,-1,121,50
321,34,50,34,114,1,34,114
322,16,46,16,110,-1,110,16
323,10,11,10,75,1,10,75
324,42,57,42,121,1,42,121
325,20,8,20,72,-1,72,20
326,44,46,44,110,-1,110,44
327,24,53,24,117,-1,117,24
328,16,54,16,118,-1,118,16
329,42,61,42,125,1,42,125
330,26,43,26,107,-1,107,26
331,53,56,53,120,-1,120,53
332,43,53,43,117,1,43,117
333,23,26,23,90,-1,90,23
334,34,60,34,124,-1,124,34
335,59,31,59,95,1,59,95
336,10,39,10,103,-1,103,10
337,27,9,27,73,1,27,73
338,34,33,34,97,1,34,97
339,59,29,59,93,1,59,93
340,0,63,0,127,-1,127,0
341,14,60,14,124,1,14,124
342,0,9,0,73,-1,73,0
343,17,60,17,124,1,17,124
344,14,51,14,115,-1,115,14
345,16,41,16,105,1,16,105
346,53,47,53,111,1,53,111
347,61,62,61,126,1,61,126
348,39,59,39,123,1,39,123
349,61,43,61,107,1,61,107
350,33,62,33,126,-1,126,33
351,42,30,42,94,-1,94,42
352,54,10,54,74,1,54,74
353,2,10,2,74,-1,74,2
354,7,52,7,116,-1,116,7
355,25,0,25,64,1,25,64
356,13,32,13,96,-1,96,13
357,15,58,15,122,-1,122,15
358,50,2,50,66,1,50,66
359,1,26,1,90,1,1,90
360,35,34,35,98,-1,98,35
361,55,54,55,118,1,55,118
362,44,17,44,81,1,44,81
363,55,44,55,108,-1,108,55
364,3,49,3,113,1,3,113
365,33,0,33,64,-1,64,33
366,46,10,46,74,1,46,74
367,45,15,45,79,1,45,79
368,49,48,49,112,-1,112,49
369,1,56,1,120,-1,120,1
370,51,25,51,89,-1,89,51
371,48,17,48,81,-1,81,48
372,61,50,61,114,-1,114,61
373,49,12,49,76,-1,76,49
374,7,1,7,65,1,7,65
375,44,30,44,94,1,44,94
376,36,39,36,103,1,36,103
377,3,62,3,126,-1,126,3
378,51,34,51,98,1,51,98
379,45,48,45,112,-1,112,45
380,39,60,39,124,-1,124,39
381,18,25,18,89,1,18,89
382,40,5,40,69,1,40,69
383,54,49,54,113,-1,113,54
384,39,28,39,92,1,39,92
385,40,11,40,75,1,40,75
386,8,28,8,92,-1,92,8
387,36,45,36,109,-1,109,36
388,59,35,59,99,-1,99,59
389,47,1,47,65,1,47,65
390,56,19,56,83,-1,83,56
391,6,27,6,91,1,6,91
392,61,28,61,92,-1,92,61
393,25,48,25,112,1,25,112
394,34,45,34,109,1,34,109
395,28,12,28,76,1,28,76
396,26,46,26,110,1,26,110
397,42,53,42,117,-1,117,42
398,4,2,4,66,-1,66,4
399,32,34,32,98,-1,98,32
400,43,25,43,89,-1,89,43
401,58,32,58,96,1,58,96
402,17,46,17,110,1,17,110
403,39,17,39,81,-1,81,39
404,4,38,4,102,1,4,102
405,19,50,19,114,1,19,114
406,24,42,24,106,-1,106,24
407,49,25,49,89,-1,89,49
408,44,6,44,70,-1,70,44
409,29,40,29,104,1,29,104
410,36,22,36,86,-1,86,36
411,47,23,47,87,-1,87,47
412,25,36,25,100,-1,100,25
413,53,15,53,79,-1,79,53
414,17,29,17,93,-1,93,17
415,25,6,25,70,1,25,70
416,51,40,51,104,1,51,104
417,57,23,57,87,-1,87,57
418,21,58,21,122,1,21,122
419,56,17,56,81,1,56,81
420,47,31,47,95,1,47,95
421,55,9,55,73,1,55,73
422,6,12,6,76,1,6,76
423,37,40,37,104,-1,104,37
424,46,51,46,115,-1,115,46
425,45,40,45,104,1,45,104
426,59,41,59,105,-1,105,59
427,26,24,26,88,-1,88,26
428,24,1,24,65,1,24,65
429,54,28,54,92,1,54,92
430,32,20,32,84,1,32,84
431,55,0,55,64,-1,64,55
432,48,41,48,105,1,48,105
433,16,33,16,97,1,16,97
434,32,15,32,79,-1,79,32
435,38,21,38,85,-1,85,38
436,45,30,45,94,1,45,94
437,56,16,56,80,-1,80,56
438,62,22,62,86,1,62,86
439,51,24,51,88,1,51,88
440,58,4,58,68,-1,68,58
441,49,63,49,127,1,49,127
442,13,23,13,87,1,13,87
443,28,36,28,100,1,28,100
444,58,26,58,90,-1,90,58
445,21,2,21,66,-1,66,21
446,19,17,19,81,-1,81,19
447,40,41,40,105,-1,105,40
448,32,53,32,117,1,32,117
449,7,31,7,95,-1,95,7
450,63,23,63,87,1,63,87
451,24,0,24,64,1,24,64
452,56,25,56,89,1,56,89
453,16,40,16,104,-1,104,16
454,16,7,16,71,-1,71,16
455,11,60,11,124,1,11,124
456,35,23,35,87,1,35,87
457,39,13,39,77,-1,77,39
458,42,49,42,113,-1,113,42
459,34,9,34,73,-1,73,34
460,47,50,47,114,1,47,114
461,27,58,27,122,-1,122,27
462,2,57,2,121,1,2,121
463,60,38,60,102,-1,102,60
464,52,25,52,89,1,52,89
465,12,37,12,101,1,12,101
466,0,20,0,84,1,0,84
467,35,32,35,96,1,35,96
468,29,4,29,68,-1,68,29
469,33,46,33,110,1,33,110
470,53,4,53,68,1,53,68
471,52,21,52,85,1,52,85
472,33,54,33,118,-1,118,33
473,8,60,8,124,1,8,124
474,35,18,35,82,-1,82,35
475,53,13,53,77,1,53,77
476,21,6,21,70,1,21,70
477,30,7,30,71,1,30,71
478,51,60,51,124,-1,124,51
479,6,48,6,112,-1,112,6
480,62,50,62,114,-1,114,62
481,39,8,39,72,1,39,72
482,56,1,56,65,-1,65,56
483,63,33,63,97,-1,97,63
484,29,44,29,108,1,29,108
485,25,32,25,96,-1,96,25
486,26,35,26,99,-1,99,26
487,51,38,51,102,-1,102,51
488,38,15,38,79,1,38,79
489,36,56,36,120,1,36,120
490,48,2,48,66,-1,66,48
491,28,56,28,120,-1,120,28
492,28,14,28,78,-1,78,28
493,15,14,15,78,1,15,78
494,29,27,29,91,-1,91,29
495,12,53,12,117,-1,117,12
496,26,48,26,112,1,26,112
497,30,53,30,117,-1,117,30
498,49,62,49,126,1,49,126
499,32,42,32,106,1,32,106
500,10,15,10,79,1,10,79
501,36,54,36,118,1,36,118
502,23,54,23,118,1,23,118
503,11,52,11,116,1,11,116
504,22,37,22,101,1,22,101
505,43,48,43,112,1,43,112
506,47,7,47,71,1,47,71
507,40,33,40,97,-1,97,40
508,44,7,44,71,1,44,71
509,1,16,1,80,-1,80,1
510,47,17,47,81,1,47,81
511,36,21,36,85,-1,85,36
512,42,51,42,115,1,42,115
513,0,55,0,119,1,0,119
514,15,8,15,72,1,15,72
515,11,26,11,90,-1,90,11
516,36,6,36,70,-1,70,36
517,42,63,42,127,-1,127,42
518,16,19,16,83,1,16,83
519,1,53,1,117,1,1,117
520,34,14,34,78,-1,78,34
521,9,14,9,78,1,9,78
522,55,4,55,68,1,55,68
523,8,5,8,69,-1,69,8
524,36,2,36,66,1,36,66
525,39,14,39,78,-1,78,39
526,11,58,11,122,1,11,122
527,57,24,57,88,1,57,88
528,41,30,41,94,-1,94,41
529,22,61,22,125,-1,125,22
530,1,5,1,69,-1,69,1
531,30,41,30,105,1,30,105
532,40,31,40,95,1,40,95
533,43,62,43,126,1,43,126
534,50,29,50,93,-1,93,50
535,53,58,53,122,-1,122,53
536,45,28,45,92,-1,92,45
537,45,3,45,67,-1,67,45
538,12,49,12,113,1,12,113
539,20,9,20,73,1,20,73
540,61,18,61,82,1,61,82
541,16,23,16,87,-1,87,16
542,57,52,57,116,-1,116,57
543,52,16,52,80,-1,80,52
544,11,45,11,109,-1,109,11
545,21,51,21,115,1,21,115
546,37,54,37,118,1,37,118
547,63,52,63,116,1,63,116
548,31,62,31,126,-1,126,31
549,15,50,15,114,-1,114,15
550,57,36,57,100,1,57,100
551,31,31,31,95,1,31,95
552,23,27,23,91,1,23,91
553,12,4,12,68,-1,68,12
554,34,27,34,91,1,34,91
555,62,16,62,80,1,62,80
556,28,4,28,68,1,28,68
557,10,46,10,110,-1,110,10
558,32,37,32,101,-1,101,32
559,27,22,27,86,1,27,86
560,1,14,1,78,1,1,78
561,37,0,37,64,-1,64,37
562,52,45,52,109,-1,109,52
563,3,28,3,92,1,3,92
564,52,24,52,88,-1,88,52
565,54,19,54,83,1,54,83
566,7,28,7,92,1,7,92
567,4,18,4,82,1,4,82
568,14,0,14,64,1,14,64
569,26,38,26,102,1,26,102
570,39,25,39,89,1,39,89
571,35,26,35,90,1,35,90
572,57,46,57,110,1,57,110
573,17,15,17,79,-1,79,17
574,49,38,49,102,-1,102,49
575,58,58,58,122,1,58,122
576,6,18,6,82,-1,82,6
577,57,4,57,68,-1,68,57
578,60,61,60,125,1,60,125
579,21,55,21,119,-1,119,21
580,19,23,19,87,1,19,87
581,2,9,2,73,-1,73,2
582,14,38,14,102,1,14,102
583,12,31,12,95,-1,95,12
584,53,17,53,81,-1,81,53
585,23,30,23,94,1,23,94
586,14,20,14,84,-1,84,14
587,46,29,46,93,1,46,93
588,57,25,57,89,-1,89,57
589,54,39,54,103,-1,103,54
590,11,3,11,67,-1,67,11
591,4,12,4,76,-1,76,4
592,37,60,37,124,1,37,124
593,32,11,32,75,-1,75,32
594,23,24,23,88,-1,88,23
595,16,61,16,125,-1,125,16
596,19,37,19,101,-1,101,19
597,35,59,35,123,-1,123,35
598,54,12,54,76,-1,76,54
599,26,47,26,111,-1,111,26
600,49,50,49,114,1,49,114
601,58,59,58,123,1,58,123
602,55,6,55,70,-1,70,55
603,14,18,14,82,1,14,82
604,50,16,50,80,1,50,80
605,27,14,27,78,1,27,78
606,24,41,24,105,-1,105,24
607,1,20,1,84,-1,84,1
608,31,25,31,89,1,31,89
609,55,24,55,88,-1,88,55
610,39,5,39,69,1,39,69
611,60,51,60,115,-1,115,60
612,23,36,23,100,-1,100,23
613,6,5,6,69,1,6,69
614,57,58,57,122,-1,122,57
615,58,2,58,66,-1,66,58
616,29,31,29,95,1,29,95
617,48,10,48,74,1,48,74
618,23,2,23,66,1,23,66
619,2,2,2,66,1,2,66
620,20,31,20,95,-1,95,20
621,26,4,26,68,1,26,68
622,1,3,1,67,1,1,67
623,17,58,17,122,1,17,122
624,35,45,35,109,1,35,109
625,38,6,38,70,1,38,70
626,42,50,42,114,1,42,114
627,44,51,44,115,1,44,115
628,49,9,49,73,-1,73,49
629,15,48,15,112,1,15,112
630,3,19,3,83,-1,83,3
631,35,49,35,113,-1,113,35
632,3,33,3,97,1,3,97
633,50,32,50,96,1,50,96
634,61,53,61,117,-1,117,61
635,9,32,9,96,1,9,96
636,45,25,45,89,-1,89,45
637,13,37,13,101,1,13,101
638,26,59,26,123,-1,123,26
639,8,2,8,66,1,8,66
640,61,20,61,84,1,61,84
641,62,0,62,64,1,62,64
642,39,46,39,110,-1,110,39
643,3,47,3,111,-1,111,3
644,27,54,27,118,-1,118,27
645,23,5,23,69,-1,69,23
646,20,29,20,93,1,20,93
647,18,54,18,118,1,18,118
648,0,8,0,72,-1,72,0
649,13,26,13,90,1,13,90
650,4,52,4,116,-1,116,4
651,51,54,51,118,-1,118,51
652,33,6,33,70,1,33,70
653,14,13,14,77,-1,77,14
654,41,59,41,123,1,41,123
655,34,40,34,104,-1,104,34
656,33,3,33,67,-1,67,33
657,25,22,25,86,-1,86,25
658,45,43,45,107,-1,107,45
659,10,13,10,77,1,10,77
660,4,28,4,92,1,4,92
661,59,36,59,100,1,59,100
662,42,26,42,90,-1,90,42
663,2,40,2,104,1,2,104
664,20,61,20,125,-1,125,20
665,49,47,49,111,1,49,111
666,57,16,57,80,1,57,80
667,22,34,22,98,1,22,98
668,51,44,51,108,-1,108,51
669,6,44,6,108,-1,108,6
670,47,61,47,125,1,47,125
671,11,9,11,73,1,11,73
672,50,46,50,110,-1,110,50
673,62,17,62,81,1,62,81
674,46,63,46,127,1,46,127
675,43,33,43,97,1,43,97
676,54,24,54,88,1,54,88
677,58,19,58,83,1,58,83
678,59,23,59,87,-1,87,59
679,10,4,10,68,1,10,68
680,60,19,60,83,-1,83,60
681,47,58,47,122,-1,122,47
682,8,30,8,94,1,8,94
683,43,18,43,82,-1,82,43
684,18,45,18,109,-1,109,18
685,49,49,49,113,-1,113,49
686,5,56,5,120,1,5,120
687,28,20,28,84,-1,84,28
688,38,28,38,92,-1,92,38
689,60,15,60,79,1,60,79
690,31,50,31,114,-1,114,31
691,42,25,42,89,1,42,89
692,41,40,41,104,1,41,104
693,46,15,46,79,1,46,79
694,59,58,59,122,1,59,122
695,23,19,23,83,-1,83,23
696,36,5,36,69,-1,69,36
697,56,2,56,66,-1,66,56
698,38,57,38,121,-1,121,38
699,35,10,35,74,-1,74,35
700,26,7,26,71,-1,71,26
701,20,5,20,69,1,20,69
702,24,39,24,103,-1,103,24
703,10,20,10,84,1,10,84
704,1,63,1,127,-1,127,1
705,14,16,14,80,1,14,80
706,40,28,40,92,-1,92,40
707,9,6,9,70,-1,70,9
708,22,53,22,117,1,22,117
709,58,49,58,113,1,58,113
710,31,26,31,90,1,31,90
711,19,24,19,88,1,19,88
712,30,3,30,67,1,30,67
713,36,12,36,76,1,36,76
714,5,7,5,71,1,5,71
715,15,59,15,123,-1,123,15
716,35,62,35,126,1,35,126
717,21,34,21,98,-1,98,21
718,62,47,62,111,-1,111,62
719,40,57,40,121,1,40,121
720,31,45,31,109,1,31,109
721,13,21,13,85,-1,85,13
722,15,41,15,105,-1,105,15
723,49,13,49,77,-1,77,49
724,24,28,24,92,1,24,92
725,44,38,44,102,-1,102,44
726,9,5,9,69,1,9,69
727,33,18,33,82,1,33,82
728,0,62,0,126,-1,126,0
729,47,8,47,72,-1,72,47
730,58,10,58,74,-1,74,58
731,37,41,37,105,1,37,105
732,57,22,57,86,-1,86,57
733,63,20,63,84,1,63,84
734,6,49,6,113,1,6,113
735,39,0,39,64,-1,64,39
736,60,21,60,85,1,60,85
737,14,50,14,114,-1,114,14
738,63,56,63,120,-1,120,63
739,22,18,22,82,-1,82,22
740,22,43,22,107,1,22,107
741,19,45,19,109,1,19,109
742,6,11,6,75,1,6,75
743,40,16,40,80,-1,80,40
744,5,21,5,85,1,5,85
745,48,11,48,75,-1,75,48
746,38,39,38,103,1,38,103
747,37,46,37,110,1,37,110
748,39,44,39,108,1,39,108
749,14,62,14,126,-1,126,14
750,41,61,41,125,-1,125,41
751,63,58,63,122,1,63,122
752,31,8,31,72,-1,72,31
753,9,29,9,93,-1,93,9
754,47,60,47,124,-1,124,47
755,43,42,43,106,-1,106,43
756,18,11,18,75,-1,75,18
757,49,55,49,119,1,49,119
758,41,53,41,117,1,41,117
759,52,60,52,124,1,52,124
760,40,8,40,72,1,40,72
761,45,9,45,73,1,45,73
762,30,39,30,103,-1,103,30
763,35,43,35,107,-1,107,35
764,5,2,5,66,-1,66,5
765,28,1,28,65,1,28,65
766,59,47,59,111,-1,111,59
767,62,51,62,115,-1,115,62
768,29,50,29,114,1,29,114
769,27,27,27,91,-1,91,27
770,40,54,40,118,1,40,118
771,8,63,8,127,-1,127,8
772,38,3,38,67,1,38,67
773,61,10,61,74,1,61,74
774,49,35,49,99,1,49,99
775,17,62,17,126,1,17,126
776,63,34,63,98,-1,98,63
777,42,60,42,124,-1,124,42
778,26,57,26,121,-1,121,26
779,54,31,54,95,-1,95,54
780,50,49,50,113,1,50,113
781,27,47,27,111,1,27,111
782,28,49,28,113,-1,113,28
783,19,3,19,67,-1,67,19
784,29,34,29,98,-1,98,29
785,56,62,56,126,1,56,126
786,1,10,1,74,1,1,74
787,50,60,50,124,-1,124,50
788,51,56,51,120,1,51,120
789,52,31,52,95,1,52,95
790,61,24,61,88,1,61,88
791,5,35,5,99,-1,99,5
792,25,35,25,99,1,25,99
793,22,60,22,124,1,22,124
794,17,49,17,113,-1,113,17
795,20,52,20,116,-1,116,20
796,29,17,29,81,1,29,81
797,22,16,22,80,-1,80,22
798,24,26,24,90,-1,90,24
799,40,0,40,64,-1,64,40
800,60,43,60,107,-1,107,60
801,41,8,41,72,-1,72,41
802,25,16,25,80,1,25,80
803,18,63,18,127,1,18,127
804,37,42,37,106,-1,106,37
805,5,10,5,74,-1,74,5
806,30,51,30,115,-1,115,30
807,32,12,32,76,1,32,76
808,20,59,20,123,1,20,123
809,4,40,4,104,-1,104,4
810,37,34,37,98,1,37,98
811,50,23,50,87,-1,87,50
812,19,8,19,72,1,19,72
813,56,61,56,125,1,56,125
814,15,63,15,127,1,15,127
815,6,9,6,73,-1,73,6
816,46,12,46,76,-1,76,46
817,21,38,21,102,1,21,102
818,22,24,22,88,-1,88,22
819,28,42,28,106,1,28,106
820,39,35,39,99,-1,99,39
821,12,42,12,106,1,12,106
822,48,39,48,103,1,48,103
823,28,52,28,116,1,28,116
824,29,62,29,126,-1,126,29
825,37,32,37,96,-1,96,37
826,15,6,15,70,1,15,70
827,61,1,61,65,-1,65,61
828,10,1,10,65,-1,65,10
829,16,44,16,108,1,16,108
830,41,2,41,66,1,41,66
831,11,39,11,103,1,11,103
832,49,54,49,118,-1,118,49
833,50,22,50,86,1,50,86
834,59,27,59,91,-1,91,59
835,18,28,18,92,-1,92,18
836,27,16,27,80,1,27,80
837,38,26,38,90,-1,90,38
838,51,46,51,110,-1,110,51
839,44,23,44,87,1,44,87
840,11,19,11,83,-1,83,11
841,53,43,53,107,1,53,107
842,63,40,63,104,-1,104,63
843,12,41,12,105,1,12,105
844,31,46,31,110,1,31,110
845,46,8,46,72,-1,72,46
846,3,59,3,123,1,3,123
847,28,13,28,77,1,28,77
848,44,50,44,114,-1,114,44
849,3,34,3,98,1,3,98
850,26,32,26,96,1,26,96
851,24,34,24,98,1,24,98
852,37,62,37,126,1,37,126
853,50,3,50,67,1,50,67
854,15,15,15,79,-1,79,15
855,1,0,1,64,-1,64,1
856,58,27,58,91,-1,91,58
857,37,17,37,81,-1,81,37
858,50,40,50,104,-1,104,50
859,21,39,21,103,-1,103,21
860,37,63,37,127,-1,127,37
861,39,37,39,101,1,39,101
862,18,8,18,72,1,18,72
863,12,36,12,100,-1,100,12
864,7,54,7,118,1,7,118
865,13,52,13,116,-1,116,13
866,53,12,53,76,1,53,76
867,54,14,54,78,-1,78,54
868,17,7,17,71,-1,71,17
869,9,49,9,113,1,9,113
870,30,35,30,99,1,30,99
871,8,52,8,116,1,8,116
872,28,23,28,87,-1,87,28
873,44,2,44,66,1,44,66
874,2,1,2,65,1,2,65
875,32,54,32,118,-1,118,32
876,1,1,1,65,1,1,65
877,44,48,44,112,-1,112,44
878,25,55,25,119,-1,119,25
879,9,38,9,102,1,9,102
880,27,29,27,93,-1,93,27
881,7,22,7,86,-1,86,7
882,42,12,42,76,-1,76,42
883,56,9,56,73,-1,73,56
884,32,28,32,92,1,32,92
885,40,51,40,115,1,40,115
886,7,15,7,79,1,7,79
887,11,57,11,121,1,11,121
888,33,21,33,85,-1,85,33
889,14,30,14,94,1,14,94
890,17,36,17,100,1,17,100
891,4,8,4,72,1,4,72
892,8,55,8,119,-1,119,8
893,18,29,18,93,-1,93,18
894,48,29,48,93,1,48,93
895,14,40,14,104,1,14,104
896,2,25,2,89,-1,89,2
897,13,41,13,105,-1,105,13
898,60,35,60,99,1,60,99
899,20,22,20,86,1,20,86
900,2,41,2,105,1,2,105
901,12,47,12,111,1,12,111
902,47,44,47,108,-1,108,47
903,33,19,33,83,1,33,83
904,63,26,63,90,1,63,90
905,41,3,41,67,-1,67,41
906,60,44,60,108,-1,108,60
907,25,7,25,71,-1,71,25
908,42,56,42,120,1,42,120
909,13,44,13,108,1,13,108
910,48,45,48,109,-1,109,48
911,31,34,31,98,-1,98,31
912,7,51,7,115,-1,115,7
913,62,59,62,123,-1,123,62
914,63,29,63,93,1,63,93
915,2,11,2,75,-1,75,2
916,11,53,11,117,-1,117,11
917,14,43,14,107,-1,107,14
918,10,31,10,95,-1,95,10
919,27,21,27,85,-1,85,27
920,41,55,41,119,1,41,119
921,2,22,2,86,-1,86,2
922,52,27,52,91,1,52,91
923,36,23,36,87,1,36,87
924,58,33,58,97,-1,97,58
925,8,44,8,108,-1,108,8
926,24,24,24,88,1,24,88
927,61,58,61,122,-1,122,61
928,11,49,11,113,-1,113,11
929,41,51,41,115,1,41,115
930,36,61,36,125,1,36,125
931,29,12,29,76,-1,76,29
932,48,0,48,64,1,48,64
933,20,33,20,97,1,20,97
934,15,46,15,110,-1,110,15
935,63,35,63,99,-1,99,63
936,45,38,45,102,-1,102,45
937,43,15,43,79,-1,79,43
938,0,19,0,83,1,0,83
939,51,29,51,93,1,51,93
940,4,46,4,110,1,4,110
941,53,22,53,86,1,53,86
942,19,12,19,76,1,19,76
943,31,6,31,70,-1,70,31
944,15,40,15,104,1,15,104
945,31,55,31,119,-1,119,31
946,36,4,36,68,-1,68,36
947,4,33,4,97,-1,97,4
948,3,32,3,96,-1,96,3
949,35,0,35,64,1,35,64
950,20,63,20,127,-1,127,20
951,21,44,21,108,1,21,108
952,14,11,14,75,1,14,75
953,60,0,60,64,1,60,64
954,34,5,34,69,-1,69,34
955,19,47,19,111,-1,111,19
956,27,50,27,114,1,27,114
957,5,9,5,73,1,5,73
958,1,55,1,119,1,1,119
959,43,22,43,86,1,43,86
960,34,18,34,82,1,34,82
961,19,42,19,106,-1,106,19
962,21,32,21,96,-1,96,21
963,10,18,10,82,-1,82,10
964,55,23,55,87,1,55,87
965,6,7,6,71,1,6,71
966,53,61,53,125,-1,125,53
967,57,21,57,85,1,57,85
968,45,52,45,116,1,45,116
969,58,14,58,78,1,58,78
970,52,36,52,100,-1,100,52
971,6,55,6,119,-1,119,6
972,41,58,41,122,1,41,122
973,55,58,55,122,-1,122,55
974,40,2,40,66,-1,66,40
975,48,20,48,84,-1,84,48
976,32,57,32,121,-1,121,32
977,61,52,61,116,-1,116,61
978,56,41,56,105,-1,105,56
979,61,5,61,69,1,61,69
980,20,16,20,80,-1,80,20
981,38,44,38,108,1,38,108
982,25,40,25,104,1,25,104
983,10,32,10,96,1,10,96
984,38,14,38,78,-1,78,38
985,46,9,46,73,-1,73,46
986,7,27,7,91,1,7,91
987,17,3,17,67,1,17,67
988,56,63,56,127,1,56,127
989,32,55,32,119,1,32,119
990,44,42,44,106,-1,106,44
991,52,0,52,64,-1,64,52
992,28,8,28,72,-1,72,28
993,10,30,10,94,-1,94,10
994,18,16,18,80,1,18,80
995,31,47,31,111,1,31,111
996,11,31,11,95,1,11,95
997,7,62,7,126,-1,126,7
998,53,1,53,65,-1,65,53
999,22,9,22,73,1,22,73
1000,63,43,63,107,1,63,107
1001,1,13,1,77,-1,77,1
1002,21,8,21,72,1,21,72
1003,59,63,59,127,1,59,127
1004,63,63,63,127,-1,127,63
1005,29,45,29,109,1,29,109
1006,12,40,12,104,-1,104,12
1007,14,59,14,123,-1,123,14
1008,55,47,55,111,1,55,111
1009,41,45,41,109,-1,109,41
1010,9,37,9,101,-1,101,9
1011,22,23,22,87,-1,87,22
1012,8,59,8,123,1,8,123
1013,5,49,5,113,1,5,113
1014,36,29,36,93,-1,93,36
1015,60,47,60,111,-1,111,60
1016,5,3,5,67,-1,67,5
1017,17,44,17,108,-1,108,17
1018,62,11,62,75,1,62,75
1019,9,16,9,80,-1,80,9
1020,24,22,24,86,-1,86,24
1021,41,56,41,120,-1,120,41
1022,41,24,41,88,-1,88,41
